checked_at_utc,job,check,scope,status,value,detail
2026-10-07T12:41:32+00:00,backfill,duplicate_keys,ARG-1 2026 matches,ok,0,
2026-10-07T12:41:32+00:00,backfill,duplicate_keys,ARG-1 2026 odds,ok,0,
2026-10-07T12:41:32+00:00,backfill,duplicate_keys,ARG-1 2026 settlements,ok,0,
2026-10-07T12:41:32+00:00,backfill,duplicate_keys,ARG-1 2026 events,ok,0,
2026-10-07T12:41:32+00:00,backfill,duplicate_keys,ARG-1 2026 stats,ok,0,
2026-10-07T12:41:32+00:00,backfill,orphan_rows,ARG-1 2026 odds,ok,0,rows whose match or market does not exist
2026-10-07T12:41:32+00:00,backfill,orphan_rows,ARG-1 2026 settlements,ok,0,rows whose match or market does not exist
2026-10-07T12:41:32+00:00,backfill,orphan_rows,ARG-1 2026 events,ok,0,rows whose match or market does not exist
2026-10-07T12:41:32+00:00,backfill,orphan_rows,ARG-1 2026 stats,ok,0,rows whose match or market does not exist
2026-10-07T12:41:32+00:00,backfill,odds_range,ARG-1 2026,ok,0,odds outside 1.01-1000
2026-10-07T12:41:32+00:00,backfill,market_sum,ARG-1 2026,ok,0,0 of 235 complete markets outside 100-130 % (2-3 selections) / 100-170 % (0.0%)
2026-10-07T12:41:32+00:00,backfill,scores_present,ARG-1 2026,ok,0,finished matches without HT or FT score: 
2026-10-07T12:41:32+00:00,backfill,events_match_score,ARG-1 2026,ok,0,event goals != FT score: 
2026-10-07T12:41:32+00:00,backfill,coverage_odds,ARG-1 2026,ok,1.0,9 of 9 finished matches
2026-10-07T12:41:32+00:00,backfill,coverage_events,ARG-1 2026,ok,1.0,9 of 9 finished matches
2026-10-07T12:41:32+00:00,backfill,coverage_stats,ARG-1 2026,ok,1.0,9 of 9 finished matches
2026-10-07T12:41:32+00:00,backfill,duplicate_keys,BRA-1 2026 matches,ok,0,
2026-10-07T12:41:32+00:00,backfill,duplicate_keys,BRA-1 2026 odds,ok,0,
2026-10-07T12:41:32+00:00,backfill,duplicate_keys,BRA-1 2026 settlements,ok,0,
2026-10-07T12:41:32+00:00,backfill,duplicate_keys,BRA-1 2026 events,ok,0,
2026-10-07T12:41:32+00:00,backfill,duplicate_keys,BRA-1 2026 stats,ok,0,
2026-10-07T12:41:32+00:00,backfill,orphan_rows,BRA-1 2026 odds,ok,0,rows whose match or market does not exist
2026-10-07T12:41:32+00:00,backfill,orphan_rows,BRA-1 2026 settlements,ok,0,rows whose match or market does not exist
2026-10-07T12:41:32+00:00,backfill,orphan_rows,BRA-1 2026 events,ok,0,rows whose match or market does not exist
2026-10-07T12:41:32+00:00,backfill,orphan_rows,BRA-1 2026 stats,ok,0,rows whose match or market does not exist
2026-10-07T12:41:32+00:00,backfill,odds_range,BRA-1 2026,ok,0,odds outside 1.01-1000
2026-10-07T12:41:32+00:00,backfill,market_sum,BRA-1 2026,ok,0,0 of 282 complete markets outside 100-130 % (2-3 selections) / 100-170 % (0.0%)
2026-10-07T12:41:32+00:00,backfill,scores_present,BRA-1 2026,ok,0,finished matches without HT or FT score: 
2026-10-07T12:41:32+00:00,backfill,events_match_score,BRA-1 2026,ok,0,event goals != FT score: 
2026-10-07T12:41:32+00:00,backfill,coverage_odds,BRA-1 2026,ok,1.0,8 of 8 finished matches
2026-10-07T12:41:32+00:00,backfill,coverage_events,BRA-1 2026,ok,1.0,8 of 8 finished matches
2026-10-07T12:41:32+00:00,backfill,coverage_stats,BRA-1 2026,ok,1.0,8 of 8 finished matches
2026-10-07T12:41:32+00:00,backfill,duplicate_keys,NOR-1 2026 matches,ok,0,
2026-10-07T12:41:32+00:00,backfill,duplicate_keys,NOR-1 2026 odds,ok,0,
2026-10-07T12:41:32+00:00,backfill,duplicate_keys,NOR-1 2026 settlements,ok,0,
2026-10-07T12:41:32+00:00,backfill,duplicate_keys,NOR-1 2026 events,ok,0,
2026-10-07T12:41:32+00:00,backfill,duplicate_keys,NOR-1 2026 stats,ok,0,
2026-10-07T12:41:32+00:00,backfill,orphan_rows,NOR-1 2026 odds,ok,0,rows whose match or market does not exist
2026-10-07T12:41:32+00:00,backfill,orphan_rows,NOR-1 2026 settlements,ok,0,rows whose match or market does not exist
2026-10-07T12:41:32+00:00,backfill,orphan_rows,NOR-1 2026 events,ok,0,rows whose match or market does not exist
2026-10-07T12:41:32+00:00,backfill,orphan_rows,NOR-1 2026 stats,ok,0,rows whose match or market does not exist
2026-10-07T12:41:32+00:00,backfill,odds_range,NOR-1 2026,ok,0,odds outside 1.01-1000
2026-10-07T12:41:32+00:00,backfill,market_sum,NOR-1 2026,ok,0,0 of 162 complete markets outside 100-130 % (2-3 selections) / 100-170 % (0.0%)
2026-10-07T12:41:32+00:00,backfill,scores_present,NOR-1 2026,ok,0,finished matches without HT or FT score: 
2026-10-07T12:41:32+00:00,backfill,events_match_score,NOR-1 2026,ok,0,event goals != FT score: 
2026-10-07T12:41:32+00:00,backfill,coverage_odds,NOR-1 2026,ok,1.0,5 of 5 finished matches
2026-10-07T12:41:32+00:00,backfill,coverage_events,NOR-1 2026,ok,1.0,5 of 5 finished matches
2026-10-07T12:41:32+00:00,backfill,coverage_stats,NOR-1 2026,ok,1.0,5 of 5 finished matches
2026-10-07T12:41:32+00:00,backfill,duplicate_keys,USA-1 2026 matches,ok,0,
2026-10-07T12:41:32+00:00,backfill,duplicate_keys,USA-1 2026 odds,ok,0,
2026-10-07T12:41:32+00:00,backfill,duplicate_keys,USA-1 2026 settlements,ok,0,
2026-10-07T12:41:32+00:00,backfill,duplicate_keys,USA-1 2026 events,ok,0,
2026-10-07T12:41:32+00:00,backfill,duplicate_keys,USA-1 2026 stats,ok,0,
2026-10-07T12:41:32+00:00,backfill,orphan_rows,USA-1 2026 odds,ok,0,rows whose match or market does not exist
2026-10-07T12:41:32+00:00,backfill,orphan_rows,USA-1 2026 settlements,ok,0,rows whose match or market does not exist
2026-10-07T12:41:32+00:00,backfill,orphan_rows,USA-1 2026 events,ok,0,rows whose match or market does not exist
2026-10-07T12:41:32+00:00,backfill,orphan_rows,USA-1 2026 stats,ok,0,rows whose match or market does not exist
2026-10-07T12:41:32+00:00,backfill,odds_range,USA-1 2026,ok,0,odds outside 1.01-1000
2026-10-07T12:41:32+00:00,backfill,market_sum,USA-1 2026,ok,0,0 of 1034 complete markets outside 100-130 % (2-3 selections) / 100-170 % (0.0%)
2026-10-07T12:41:32+00:00,backfill,scores_present,USA-1 2026,ok,0,finished matches without HT or FT score: 
2026-10-07T12:41:32+00:00,backfill,events_match_score,USA-1 2026,ok,0,event goals != FT score: 
2026-10-07T12:41:32+00:00,backfill,coverage_odds,USA-1 2026,ok,1.0,30 of 30 finished matches
2026-10-07T12:41:32+00:00,backfill,coverage_events,USA-1 2026,ok,1.0,30 of 30 finished matches
2026-10-07T12:41:32+00:00,backfill,coverage_stats,USA-1 2026,ok,1.0,30 of 30 finished matches
2026-10-07T12:41:32+00:00,backfill,duplicate_keys,AUT-1 2026/27 matches,ok,0,
2026-10-07T12:41:32+00:00,backfill,duplicate_keys,AUT-1 2026/27 odds,ok,0,
2026-10-07T12:41:32+00:00,backfill,duplicate_keys,AUT-1 2026/27 settlements,ok,0,
2026-10-07T12:41:32+00:00,backfill,duplicate_keys,AUT-1 2026/27 events,ok,0,
2026-10-07T12:41:32+00:00,backfill,duplicate_keys,AUT-1 2026/27 stats,ok,0,
2026-10-07T12:41:32+00:00,backfill,orphan_rows,AUT-1 2026/27 odds,ok,0,rows whose match or market does not exist
2026-10-07T12:41:32+00:00,backfill,orphan_rows,AUT-1 2026/27 settlements,ok,0,rows whose match or market does not exist
2026-10-07T12:41:32+00:00,backfill,orphan_rows,AUT-1 2026/27 events,ok,0,rows whose match or market does not exist
2026-10-07T12:41:32+00:00,backfill,orphan_rows,AUT-1 2026/27 stats,ok,0,rows whose match or market does not exist
2026-10-07T12:41:32+00:00,backfill,odds_range,AUT-1 2026/27,ok,0,odds outside 1.01-1000
2026-10-07T12:41:32+00:00,backfill,market_sum,AUT-1 2026/27,ok,0,0 of 105 complete markets outside 100-130 % (2-3 selections) / 100-170 % (0.0%)
2026-10-07T12:41:32+00:00,backfill,scores_present,AUT-1 2026/27,ok,0,finished matches without HT or FT score: 
2026-10-07T12:41:32+00:00,backfill,events_match_score,AUT-1 2026/27,ok,0,event goals != FT score: 
2026-10-07T12:41:32+00:00,backfill,coverage_odds,AUT-1 2026/27,ok,1.0,3 of 3 finished matches
2026-10-07T12:41:32+00:00,backfill,coverage_events,AUT-1 2026/27,ok,1.0,3 of 3 finished matches
2026-10-07T12:41:32+00:00,backfill,coverage_stats,AUT-1 2026/27,ok,1.0,3 of 3 finished matches
2026-10-07T12:41:32+00:00,backfill,duplicate_keys,BEL-1 2026/27 matches,ok,0,
2026-10-07T12:41:32+00:00,backfill,duplicate_keys,BEL-1 2026/27 odds,ok,0,
2026-10-07T12:41:32+00:00,backfill,duplicate_keys,BEL-1 2026/27 settlements,ok,0,
2026-10-07T12:41:32+00:00,backfill,duplicate_keys,BEL-1 2026/27 events,ok,0,
2026-10-07T12:41:32+00:00,backfill,duplicate_keys,BEL-1 2026/27 stats,ok,0,
2026-10-07T12:41:32+00:00,backfill,orphan_rows,BEL-1 2026/27 odds,ok,0,rows whose match or market does not exist
2026-10-07T12:41:32+00:00,backfill,orphan_rows,BEL-1 2026/27 settlements,ok,0,rows whose match or market does not exist
2026-10-07T12:41:32+00:00,backfill,orphan_rows,BEL-1 2026/27 events,ok,0,rows whose match or market does not exist
2026-10-07T12:41:32+00:00,backfill,orphan_rows,BEL-1 2026/27 stats,ok,0,rows whose match or market does not exist
2026-10-07T12:41:32+00:00,backfill,odds_range,BEL-1 2026/27,ok,0,odds outside 1.01-1000
2026-10-07T12:41:32+00:00,backfill,market_sum,BEL-1 2026/27,ok,0,0 of 155 complete markets outside 100-130 % (2-3 selections) / 100-170 % (0.0%)
2026-10-07T12:41:32+00:00,backfill,scores_present,BEL-1 2026/27,ok,0,finished matches without HT or FT score: 
2026-10-07T12:41:32+00:00,backfill,events_match_score,BEL-1 2026/27,ok,0,event goals != FT score: 
2026-10-07T12:41:32+00:00,backfill,coverage_odds,BEL-1 2026/27,ok,1.0,4 of 4 finished matches
2026-10-07T12:41:32+00:00,backfill,coverage_events,BEL-1 2026/27,ok,1.0,4 of 4 finished matches
2026-10-07T12:41:32+00:00,backfill,coverage_stats,BEL-1 2026/27,ok,1.0,4 of 4 finished matches
2026-10-07T12:41:32+00:00,backfill,duplicate_keys,DEN-1 2026/27 matches,ok,0,
2026-10-07T12:41:32+00:00,backfill,duplicate_keys,DEN-1 2026/27 odds,ok,0,
2026-10-07T12:41:32+00:00,backfill,duplicate_keys,DEN-1 2026/27 settlements,ok,0,
2026-10-07T12:41:32+00:00,backfill,duplicate_keys,DEN-1 2026/27 events,ok,0,
2026-10-07T12:41:32+00:00,backfill,duplicate_keys,DEN-1 2026/27 stats,ok,0,
2026-10-07T12:41:32+00:00,backfill,orphan_rows,DEN-1 2026/27 odds,ok,0,rows whose match or market does not exist
2026-10-07T12:41:32+00:00,backfill,orphan_rows,DEN-1 2026/27 settlements,ok,0,rows whose match or market does not exist
2026-10-07T12:41:32+00:00,backfill,orphan_rows,DEN-1 2026/27 events,ok,0,rows whose match or market does not exist
2026-10-07T12:41:32+00:00,backfill,orphan_rows,DEN-1 2026/27 stats,ok,0,rows whose match or market does not exist
2026-10-07T12:41:32+00:00,backfill,odds_range,DEN-1 2026/27,ok,0,odds outside 1.01-1000
2026-10-07T12:41:32+00:00,backfill,market_sum,DEN-1 2026/27,ok,0,0 of 145 complete markets outside 100-130 % (2-3 selections) / 100-170 % (0.0%)
2026-10-07T12:41:32+00:00,backfill,scores_present,DEN-1 2026/27,ok,0,finished matches without HT or FT score: 
2026-10-07T12:41:32+00:00,backfill,events_match_score,DEN-1 2026/27,ok,0,event goals != FT score: 
2026-10-07T12:41:32+00:00,backfill,coverage_odds,DEN-1 2026/27,ok,1.0,4 of 4 finished matches
2026-10-07T12:41:32+00:00,backfill,coverage_events,DEN-1 2026/27,ok,1.0,4 of 4 finished matches
2026-10-07T12:41:32+00:00,backfill,coverage_stats,DEN-1 2026/27,ok,1.0,4 of 4 finished matches
2026-10-07T12:41:32+00:00,backfill,duplicate_keys,ENG-1 2026/27 matches,ok,0,
2026-10-07T12:41:32+00:00,backfill,duplicate_keys,ENG-1 2026/27 odds,ok,0,
2026-10-07T12:41:32+00:00,backfill,duplicate_keys,ENG-1 2026/27 settlements,ok,0,
2026-10-07T12:41:32+00:00,backfill,duplicate_keys,ENG-1 2026/27 events,ok,0,
2026-10-07T12:41:32+00:00,backfill,duplicate_keys,ENG-1 2026/27 stats,ok,0,
2026-10-07T12:41:32+00:00,backfill,orphan_rows,ENG-1 2026/27 odds,ok,0,rows whose match or market does not exist
2026-10-07T12:41:32+00:00,backfill,orphan_rows,ENG-1 2026/27 settlements,ok,0,rows whose match or market does not exist
2026-10-07T12:41:32+00:00,backfill,orphan_rows,ENG-1 2026/27 events,ok,0,rows whose match or market does not exist
2026-10-07T12:41:32+00:00,backfill,orphan_rows,ENG-1 2026/27 stats,ok,0,rows whose match or market does not exist
2026-10-07T12:41:32+00:00,backfill,odds_range,ENG-1 2026/27,ok,0,odds outside 1.01-1000
2026-10-07T12:41:32+00:00,backfill,market_sum,ENG-1 2026/27,ok,0,0 of 159 complete markets outside 100-130 % (2-3 selections) / 100-170 % (0.0%)
2026-10-07T12:41:32+00:00,backfill,scores_present,ENG-1 2026/27,ok,0,finished matches without HT or FT score: 
2026-10-07T12:41:32+00:00,backfill,events_match_score,ENG-1 2026/27,ok,0,event goals != FT score: 
2026-10-07T12:41:32+00:00,backfill,coverage_odds,ENG-1 2026/27,ok,1.0,4 of 4 finished matches
2026-10-07T12:41:32+00:00,backfill,coverage_events,ENG-1 2026/27,ok,1.0,4 of 4 finished matches
2026-10-07T12:41:32+00:00,backfill,coverage_stats,ENG-1 2026/27,ok,1.0,4 of 4 finished matches
2026-10-07T12:41:32+00:00,backfill,duplicate_keys,ENG-2 2026/27 matches,ok,0,
2026-10-07T12:41:32+00:00,backfill,duplicate_keys,ENG-2 2026/27 odds,ok,0,
2026-10-07T12:41:32+00:00,backfill,duplicate_keys,ENG-2 2026/27 settlements,ok,0,
2026-10-07T12:41:32+00:00,backfill,duplicate_keys,ENG-2 2026/27 events,ok,0,
2026-10-07T12:41:32+00:00,backfill,duplicate_keys,ENG-2 2026/27 stats,ok,0,
2026-10-07T12:41:32+00:00,backfill,orphan_rows,ENG-2 2026/27 odds,ok,0,rows whose match or market does not exist
2026-10-07T12:41:32+00:00,backfill,orphan_rows,ENG-2 2026/27 settlements,ok,0,rows whose match or market does not exist
2026-10-07T12:41:32+00:00,backfill,orphan_rows,ENG-2 2026/27 events,ok,0,rows whose match or market does not exist
2026-10-07T12:41:32+00:00,backfill,orphan_rows,ENG-2 2026/27 stats,ok,0,rows whose match or market does not exist
2026-10-07T12:41:32+00:00,backfill,odds_range,ENG-2 2026/27,ok,0,odds outside 1.01-1000
2026-10-07T12:41:32+00:00,backfill,market_sum,ENG-2 2026/27,ok,0,0 of 77 complete markets outside 100-130 % (2-3 selections) / 100-170 % (0.0%)
2026-10-07T12:41:32+00:00,backfill,scores_present,ENG-2 2026/27,ok,0,finished matches without HT or FT score: 
2026-10-07T12:41:32+00:00,backfill,events_match_score,ENG-2 2026/27,ok,0,event goals != FT score: 
2026-10-07T12:41:32+00:00,backfill,coverage_odds,ENG-2 2026/27,ok,1.0,2 of 2 finished matches
2026-10-07T12:41:32+00:00,backfill,coverage_events,ENG-2 2026/27,ok,1.0,2 of 2 finished matches
2026-10-07T12:41:32+00:00,backfill,coverage_stats,ENG-2 2026/27,ok,1.0,2 of 2 finished matches
2026-10-07T12:41:32+00:00,backfill,duplicate_keys,ESP-1 2026/27 matches,ok,0,
2026-10-07T12:41:32+00:00,backfill,duplicate_keys,ESP-1 2026/27 odds,ok,0,
2026-10-07T12:41:32+00:00,backfill,duplicate_keys,ESP-1 2026/27 settlements,ok,0,
2026-10-07T12:41:32+00:00,backfill,duplicate_keys,ESP-1 2026/27 events,ok,0,
2026-10-07T12:41:32+00:00,backfill,duplicate_keys,ESP-1 2026/27 stats,ok,0,
2026-10-07T12:41:32+00:00,backfill,orphan_rows,ESP-1 2026/27 odds,ok,0,rows whose match or market does not exist
2026-10-07T12:41:32+00:00,backfill,orphan_rows,ESP-1 2026/27 settlements,ok,0,rows whose match or market does not exist
2026-10-07T12:41:32+00:00,backfill,orphan_rows,ESP-1 2026/27 events,ok,0,rows whose match or market does not exist
2026-10-07T12:41:32+00:00,backfill,orphan_rows,ESP-1 2026/27 stats,ok,0,rows whose match or market does not exist
2026-10-07T12:41:32+00:00,backfill,odds_range,ESP-1 2026/27,ok,0,odds outside 1.01-1000
2026-10-07T12:41:32+00:00,backfill,market_sum,ESP-1 2026/27,ok,0,0 of 187 complete markets outside 100-130 % (2-3 selections) / 100-170 % (0.0%)
2026-10-07T12:41:32+00:00,backfill,scores_present,ESP-1 2026/27,ok,0,finished matches without HT or FT score: 
2026-10-07T12:41:32+00:00,backfill,events_match_score,ESP-1 2026/27,ok,0,event goals != FT score: 
2026-10-07T12:41:32+00:00,backfill,coverage_odds,ESP-1 2026/27,ok,1.0,5 of 5 finished matches
2026-10-07T12:41:32+00:00,backfill,coverage_events,ESP-1 2026/27,ok,1.0,5 of 5 finished matches
2026-10-07T12:41:32+00:00,backfill,coverage_stats,ESP-1 2026/27,ok,1.0,5 of 5 finished matches
2026-10-07T12:41:32+00:00,backfill,duplicate_keys,ESP-2 2026/27 matches,ok,0,
2026-10-07T12:41:32+00:00,backfill,duplicate_keys,ESP-2 2026/27 odds,ok,0,
2026-10-07T12:41:32+00:00,backfill,duplicate_keys,ESP-2 2026/27 settlements,ok,0,
2026-10-07T12:41:32+00:00,backfill,duplicate_keys,ESP-2 2026/27 events,ok,0,
2026-10-07T12:41:32+00:00,backfill,duplicate_keys,ESP-2 2026/27 stats,ok,0,
2026-10-07T12:41:32+00:00,backfill,orphan_rows,ESP-2 2026/27 odds,ok,0,rows whose match or market does not exist
2026-10-07T12:41:32+00:00,backfill,orphan_rows,ESP-2 2026/27 settlements,ok,0,rows whose match or market does not exist
2026-10-07T12:41:32+00:00,backfill,orphan_rows,ESP-2 2026/27 events,ok,0,rows whose match or market does not exist
2026-10-07T12:41:32+00:00,backfill,orphan_rows,ESP-2 2026/27 stats,ok,0,rows whose match or market does not exist
2026-10-07T12:41:32+00:00,backfill,odds_range,ESP-2 2026/27,ok,0,odds outside 1.01-1000
2026-10-07T12:41:32+00:00,backfill,market_sum,ESP-2 2026/27,ok,0,0 of 533 complete markets outside 100-130 % (2-3 selections) / 100-170 % (0.0%)
2026-10-07T12:41:32+00:00,backfill,scores_present,ESP-2 2026/27,ok,0,finished matches without HT or FT score: 
2026-10-07T12:41:32+00:00,backfill,events_match_score,ESP-2 2026/27,ok,0,event goals != FT score: 
2026-10-07T12:41:32+00:00,backfill,coverage_odds,ESP-2 2026/27,ok,1.0,15 of 15 finished matches
2026-10-07T12:41:32+00:00,backfill,coverage_events,ESP-2 2026/27,ok,1.0,15 of 15 finished matches
2026-10-07T12:41:32+00:00,backfill,coverage_stats,ESP-2 2026/27,ok,1.0,15 of 15 finished matches
2026-10-07T12:41:32+00:00,backfill,duplicate_keys,FRA-1 2026/27 matches,ok,0,
2026-10-07T12:41:32+00:00,backfill,duplicate_keys,FRA-1 2026/27 odds,ok,0,
2026-10-07T12:41:32+00:00,backfill,duplicate_keys,FRA-1 2026/27 settlements,ok,0,
2026-10-07T12:41:32+00:00,backfill,duplicate_keys,FRA-1 2026/27 events,ok,0,
2026-10-07T12:41:32+00:00,backfill,duplicate_keys,FRA-1 2026/27 stats,ok,0,
2026-10-07T12:41:32+00:00,backfill,orphan_rows,FRA-1 2026/27 odds,ok,0,rows whose match or market does not exist
2026-10-07T12:41:32+00:00,backfill,orphan_rows,FRA-1 2026/27 settlements,ok,0,rows whose match or market does not exist
2026-10-07T12:41:32+00:00,backfill,orphan_rows,FRA-1 2026/27 events,ok,0,rows whose match or market does not exist
2026-10-07T12:41:32+00:00,backfill,orphan_rows,FRA-1 2026/27 stats,ok,0,rows whose match or market does not exist
2026-10-07T12:41:32+00:00,backfill,odds_range,FRA-1 2026/27,ok,0,odds outside 1.01-1000
2026-10-07T12:41:32+00:00,backfill,market_sum,FRA-1 2026/27,ok,0,0 of 116 complete markets outside 100-130 % (2-3 selections) / 100-170 % (0.0%)
2026-10-07T12:41:32+00:00,backfill,scores_present,FRA-1 2026/27,ok,0,finished matches without HT or FT score: 
2026-10-07T12:41:32+00:00,backfill,events_match_score,FRA-1 2026/27,ok,0,event goals != FT score: 
2026-10-07T12:41:32+00:00,backfill,coverage_odds,FRA-1 2026/27,ok,1.0,3 of 3 finished matches
2026-10-07T12:41:32+00:00,backfill,coverage_events,FRA-1 2026/27,ok,1.0,3 of 3 finished matches
2026-10-07T12:41:32+00:00,backfill,coverage_stats,FRA-1 2026/27,ok,1.0,3 of 3 finished matches
2026-10-07T12:41:32+00:00,backfill,duplicate_keys,GER-1 2026/27 matches,ok,0,
2026-10-07T12:41:32+00:00,backfill,duplicate_keys,GER-1 2026/27 odds,ok,0,
2026-10-07T12:41:32+00:00,backfill,duplicate_keys,GER-1 2026/27 settlements,ok,0,
2026-10-07T12:41:32+00:00,backfill,duplicate_keys,GER-1 2026/27 events,ok,0,
2026-10-07T12:41:32+00:00,backfill,duplicate_keys,GER-1 2026/27 stats,ok,0,
2026-10-07T12:41:32+00:00,backfill,orphan_rows,GER-1 2026/27 odds,ok,0,rows whose match or market does not exist
2026-10-07T12:41:32+00:00,backfill,orphan_rows,GER-1 2026/27 settlements,ok,0,rows whose match or market does not exist
2026-10-07T12:41:32+00:00,backfill,orphan_rows,GER-1 2026/27 events,ok,0,rows whose match or market does not exist
2026-10-07T12:41:32+00:00,backfill,orphan_rows,GER-1 2026/27 stats,ok,0,rows whose match or market does not exist
2026-10-07T12:41:32+00:00,backfill,odds_range,GER-1 2026/27,ok,0,odds outside 1.01-1000
2026-10-07T12:41:32+00:00,backfill,market_sum,GER-1 2026/27,ok,0,0 of 118 complete markets outside 100-130 % (2-3 selections) / 100-170 % (0.0%)
2026-10-07T12:41:32+00:00,backfill,scores_present,GER-1 2026/27,ok,0,finished matches without HT or FT score: 
2026-10-07T12:41:32+00:00,backfill,events_match_score,GER-1 2026/27,ok,0,event goals != FT score: 
2026-10-07T12:41:32+00:00,backfill,coverage_odds,GER-1 2026/27,ok,1.0,3 of 3 finished matches
2026-10-07T12:41:32+00:00,backfill,coverage_events,GER-1 2026/27,ok,1.0,3 of 3 finished matches
2026-10-07T12:41:32+00:00,backfill,coverage_stats,GER-1 2026/27,ok,1.0,3 of 3 finished matches
2026-10-07T12:41:32+00:00,backfill,duplicate_keys,GER-2 2026/27 matches,ok,0,
2026-10-07T12:41:32+00:00,backfill,duplicate_keys,GER-2 2026/27 odds,ok,0,
2026-10-07T12:41:32+00:00,backfill,duplicate_keys,GER-2 2026/27 settlements,ok,0,
2026-10-07T12:41:32+00:00,backfill,duplicate_keys,GER-2 2026/27 events,ok,0,
2026-10-07T12:41:32+00:00,backfill,duplicate_keys,GER-2 2026/27 stats,ok,0,
2026-10-07T12:41:32+00:00,backfill,orphan_rows,GER-2 2026/27 odds,ok,0,rows whose match or market does not exist
2026-10-07T12:41:32+00:00,backfill,orphan_rows,GER-2 2026/27 settlements,ok,0,rows whose match or market does not exist
2026-10-07T12:41:32+00:00,backfill,orphan_rows,GER-2 2026/27 events,ok,0,rows whose match or market does not exist
2026-10-07T12:41:32+00:00,backfill,orphan_rows,GER-2 2026/27 stats,ok,0,rows whose match or market does not exist
2026-10-07T12:41:32+00:00,backfill,odds_range,GER-2 2026/27,ok,0,odds outside 1.01-1000
2026-10-07T12:41:32+00:00,backfill,market_sum,GER-2 2026/27,ok,0,0 of 117 complete markets outside 100-130 % (2-3 selections) / 100-170 % (0.0%)
2026-10-07T12:41:32+00:00,backfill,scores_present,GER-2 2026/27,ok,0,finished matches without HT or FT score: 
2026-10-07T12:41:32+00:00,backfill,events_match_score,GER-2 2026/27,ok,0,event goals != FT score: 
2026-10-07T12:41:32+00:00,backfill,coverage_odds,GER-2 2026/27,ok,1.0,3 of 3 finished matches
2026-10-07T12:41:32+00:00,backfill,coverage_events,GER-2 2026/27,ok,1.0,3 of 3 finished matches
2026-10-07T12:41:32+00:00,backfill,coverage_stats,GER-2 2026/27,ok,1.0,3 of 3 finished matches
2026-10-07T12:41:32+00:00,backfill,duplicate_keys,ITA-1 2026/27 matches,ok,0,
2026-10-07T12:41:32+00:00,backfill,duplicate_keys,ITA-1 2026/27 odds,ok,0,
2026-10-07T12:41:32+00:00,backfill,duplicate_keys,ITA-1 2026/27 settlements,ok,0,
2026-10-07T12:41:32+00:00,backfill,duplicate_keys,ITA-1 2026/27 events,ok,0,
2026-10-07T12:41:32+00:00,backfill,duplicate_keys,ITA-1 2026/27 stats,ok,0,
2026-10-07T12:41:32+00:00,backfill,orphan_rows,ITA-1 2026/27 odds,ok,0,rows whose match or market does not exist
2026-10-07T12:41:32+00:00,backfill,orphan_rows,ITA-1 2026/27 settlements,ok,0,rows whose match or market does not exist
2026-10-07T12:41:32+00:00,backfill,orphan_rows,ITA-1 2026/27 events,ok,0,rows whose match or market does not exist
2026-10-07T12:41:32+00:00,backfill,orphan_rows,ITA-1 2026/27 stats,ok,0,rows whose match or market does not exist
2026-10-07T12:41:32+00:00,backfill,odds_range,ITA-1 2026/27,ok,0,odds outside 1.01-1000
2026-10-07T12:41:32+00:00,backfill,market_sum,ITA-1 2026/27,ok,0,0 of 179 complete markets outside 100-130 % (2-3 selections) / 100-170 % (0.0%)
2026-10-07T12:41:32+00:00,backfill,scores_present,ITA-1 2026/27,ok,0,finished matches without HT or FT score: 
2026-10-07T12:41:32+00:00,backfill,events_match_score,ITA-1 2026/27,ok,0,event goals != FT score: 
2026-10-07T12:41:32+00:00,backfill,coverage_odds,ITA-1 2026/27,ok,1.0,5 of 5 finished matches
2026-10-07T12:41:32+00:00,backfill,coverage_events,ITA-1 2026/27,ok,1.0,5 of 5 finished matches
2026-10-07T12:41:32+00:00,backfill,coverage_stats,ITA-1 2026/27,ok,1.0,5 of 5 finished matches
2026-10-07T12:41:32+00:00,backfill,duplicate_keys,ITA-2 2026/27 matches,ok,0,
2026-10-07T12:41:32+00:00,backfill,duplicate_keys,ITA-2 2026/27 odds,ok,0,
2026-10-07T12:41:32+00:00,backfill,duplicate_keys,ITA-2 2026/27 settlements,ok,0,
2026-10-07T12:41:32+00:00,backfill,duplicate_keys,ITA-2 2026/27 events,ok,0,
2026-10-07T12:41:32+00:00,backfill,duplicate_keys,ITA-2 2026/27 stats,ok,0,
2026-10-07T12:41:32+00:00,backfill,orphan_rows,ITA-2 2026/27 odds,ok,0,rows whose match or market does not exist
2026-10-07T12:41:32+00:00,backfill,orphan_rows,ITA-2 2026/27 settlements,ok,0,rows whose match or market does not exist
2026-10-07T12:41:32+00:00,backfill,orphan_rows,ITA-2 2026/27 events,ok,0,rows whose match or market does not exist
2026-10-07T12:41:32+00:00,backfill,orphan_rows,ITA-2 2026/27 stats,ok,0,rows whose match or market does not exist
2026-10-07T12:41:32+00:00,backfill,odds_range,ITA-2 2026/27,ok,0,odds outside 1.01-1000
2026-10-07T12:41:32+00:00,backfill,market_sum,ITA-2 2026/27,ok,0,0 of 109 complete markets outside 100-130 % (2-3 selections) / 100-170 % (0.0%)
2026-10-07T12:41:32+00:00,backfill,scores_present,ITA-2 2026/27,ok,0,finished matches without HT or FT score: 
2026-10-07T12:41:32+00:00,backfill,events_match_score,ITA-2 2026/27,ok,0,event goals != FT score: 
2026-10-07T12:41:32+00:00,backfill,coverage_odds,ITA-2 2026/27,ok,1.0,3 of 3 finished matches
2026-10-07T12:41:32+00:00,backfill,coverage_events,ITA-2 2026/27,ok,1.0,3 of 3 finished matches
2026-10-07T12:41:32+00:00,backfill,coverage_stats,ITA-2 2026/27,ok,1.0,3 of 3 finished matches
2026-10-07T12:41:32+00:00,backfill,duplicate_keys,JPN-1 2026/27 matches,ok,0,
2026-10-07T12:41:32+00:00,backfill,duplicate_keys,JPN-1 2026/27 odds,ok,0,
2026-10-07T12:41:32+00:00,backfill,duplicate_keys,JPN-1 2026/27 settlements,ok,0,
2026-10-07T12:41:32+00:00,backfill,duplicate_keys,JPN-1 2026/27 events,ok,0,
2026-10-07T12:41:32+00:00,backfill,duplicate_keys,JPN-1 2026/27 stats,ok,0,
2026-10-07T12:41:32+00:00,backfill,orphan_rows,JPN-1 2026/27 odds,ok,0,rows whose match or market does not exist
2026-10-07T12:41:32+00:00,backfill,orphan_rows,JPN-1 2026/27 settlements,ok,0,rows whose match or market does not exist
2026-10-07T12:41:32+00:00,backfill,orphan_rows,JPN-1 2026/27 events,ok,0,rows whose match or market does not exist
2026-10-07T12:41:32+00:00,backfill,orphan_rows,JPN-1 2026/27 stats,ok,0,rows whose match or market does not exist
2026-10-07T12:41:32+00:00,backfill,odds_range,JPN-1 2026/27,ok,0,odds outside 1.01-1000
2026-10-07T12:41:32+00:00,backfill,market_sum,JPN-1 2026/27,ok,0,0 of 61 complete markets outside 100-130 % (2-3 selections) / 100-170 % (0.0%)
2026-10-07T12:41:32+00:00,backfill,scores_present,JPN-1 2026/27,ok,0,finished matches without HT or FT score: 
2026-10-07T12:41:32+00:00,backfill,events_match_score,JPN-1 2026/27,ok,0,event goals != FT score: 
2026-10-07T12:41:32+00:00,backfill,coverage_odds,JPN-1 2026/27,ok,1.0,2 of 2 finished matches
2026-10-07T12:41:32+00:00,backfill,coverage_events,JPN-1 2026/27,ok,1.0,2 of 2 finished matches
2026-10-07T12:41:32+00:00,backfill,coverage_stats,JPN-1 2026/27,ok,1.0,2 of 2 finished matches
2026-10-07T12:41:32+00:00,backfill,duplicate_keys,MEX-1 2026/27 matches,ok,0,
2026-10-07T12:41:32+00:00,backfill,duplicate_keys,MEX-1 2026/27 odds,ok,0,
2026-10-07T12:41:32+00:00,backfill,duplicate_keys,MEX-1 2026/27 settlements,ok,0,
2026-10-07T12:41:32+00:00,backfill,duplicate_keys,MEX-1 2026/27 events,ok,0,
2026-10-07T12:41:32+00:00,backfill,duplicate_keys,MEX-1 2026/27 stats,ok,0,
2026-10-07T12:41:32+00:00,backfill,orphan_rows,MEX-1 2026/27 odds,ok,0,rows whose match or market does not exist
2026-10-07T12:41:32+00:00,backfill,orphan_rows,MEX-1 2026/27 settlements,ok,0,rows whose match or market does not exist
2026-10-07T12:41:32+00:00,backfill,orphan_rows,MEX-1 2026/27 events,ok,0,rows whose match or market does not exist
2026-10-07T12:41:32+00:00,backfill,orphan_rows,MEX-1 2026/27 stats,ok,0,rows whose match or market does not exist
2026-10-07T12:41:32+00:00,backfill,odds_range,MEX-1 2026/27,ok,0,odds outside 1.01-1000
2026-10-07T12:41:32+00:00,backfill,market_sum,MEX-1 2026/27,ok,0,0 of 421 complete markets outside 100-130 % (2-3 selections) / 100-170 % (0.0%)
2026-10-07T12:41:32+00:00,backfill,scores_present,MEX-1 2026/27,ok,0,finished matches without HT or FT score: 
2026-10-07T12:41:32+00:00,backfill,events_match_score,MEX-1 2026/27,ok,0,event goals != FT score: 
2026-10-07T12:41:32+00:00,backfill,coverage_odds,MEX-1 2026/27,ok,1.0,16 of 16 finished matches
2026-10-07T12:41:32+00:00,backfill,coverage_events,MEX-1 2026/27,ok,1.0,16 of 16 finished matches
2026-10-07T12:41:32+00:00,backfill,coverage_stats,MEX-1 2026/27,ok,1.0,16 of 16 finished matches
2026-10-07T12:41:32+00:00,backfill,duplicate_keys,NED-1 2026/27 matches,ok,0,
2026-10-07T12:41:32+00:00,backfill,duplicate_keys,NED-1 2026/27 odds,ok,0,
2026-10-07T12:41:32+00:00,backfill,duplicate_keys,NED-1 2026/27 settlements,ok,0,
2026-10-07T12:41:32+00:00,backfill,duplicate_keys,NED-1 2026/27 events,ok,0,
2026-10-07T12:41:32+00:00,backfill,duplicate_keys,NED-1 2026/27 stats,ok,0,
2026-10-07T12:41:32+00:00,backfill,orphan_rows,NED-1 2026/27 odds,ok,0,rows whose match or market does not exist
2026-10-07T12:41:32+00:00,backfill,orphan_rows,NED-1 2026/27 settlements,ok,0,rows whose match or market does not exist
2026-10-07T12:41:32+00:00,backfill,orphan_rows,NED-1 2026/27 events,ok,0,rows whose match or market does not exist
2026-10-07T12:41:32+00:00,backfill,orphan_rows,NED-1 2026/27 stats,ok,0,rows whose match or market does not exist
2026-10-07T12:41:32+00:00,backfill,odds_range,NED-1 2026/27,ok,0,odds outside 1.01-1000
2026-10-07T12:41:32+00:00,backfill,market_sum,NED-1 2026/27,ok,0,0 of 150 complete markets outside 100-130 % (2-3 selections) / 100-170 % (0.0%)
2026-10-07T12:41:32+00:00,backfill,scores_present,NED-1 2026/27,ok,0,finished matches without HT or FT score: 
2026-10-07T12:41:32+00:00,backfill,events_match_score,NED-1 2026/27,ok,0,event goals != FT score: 
2026-10-07T12:41:32+00:00,backfill,coverage_odds,NED-1 2026/27,ok,1.0,4 of 4 finished matches
2026-10-07T12:41:32+00:00,backfill,coverage_events,NED-1 2026/27,ok,1.0,4 of 4 finished matches
2026-10-07T12:41:32+00:00,backfill,coverage_stats,NED-1 2026/27,ok,1.0,4 of 4 finished matches
2026-10-07T12:41:32+00:00,backfill,duplicate_keys,NED-2 2026/27 matches,ok,0,
2026-10-07T12:41:32+00:00,backfill,duplicate_keys,NED-2 2026/27 odds,ok,0,
2026-10-07T12:41:32+00:00,backfill,duplicate_keys,NED-2 2026/27 settlements,ok,0,
2026-10-07T12:41:32+00:00,backfill,duplicate_keys,NED-2 2026/27 events,ok,0,
2026-10-07T12:41:32+00:00,backfill,duplicate_keys,NED-2 2026/27 stats,ok,0,
2026-10-07T12:41:32+00:00,backfill,orphan_rows,NED-2 2026/27 odds,ok,0,rows whose match or market does not exist
2026-10-07T12:41:32+00:00,backfill,orphan_rows,NED-2 2026/27 settlements,ok,0,rows whose match or market does not exist
2026-10-07T12:41:32+00:00,backfill,orphan_rows,NED-2 2026/27 events,ok,0,rows whose match or market does not exist
2026-10-07T12:41:32+00:00,backfill,orphan_rows,NED-2 2026/27 stats,ok,0,rows whose match or market does not exist
2026-10-07T12:41:32+00:00,backfill,odds_range,NED-2 2026/27,ok,0,odds outside 1.01-1000
2026-10-07T12:41:32+00:00,backfill,market_sum,NED-2 2026/27,warn,1,1 of 284 complete markets outside 100-130 % (2-3 selections) / 100-170 % (0.4%)
2026-10-07T12:41:32+00:00,backfill,scores_present,NED-2 2026/27,ok,0,finished matches without HT or FT score: 
2026-10-07T12:41:32+00:00,backfill,events_match_score,NED-2 2026/27,ok,0,event goals != FT score: 
2026-10-07T12:41:32+00:00,backfill,coverage_odds,NED-2 2026/27,ok,1.0,9 of 9 finished matches
2026-10-07T12:41:32+00:00,backfill,coverage_events,NED-2 2026/27,ok,1.0,9 of 9 finished matches
2026-10-07T12:41:32+00:00,backfill,coverage_stats,NED-2 2026/27,ok,1.0,9 of 9 finished matches
2026-10-07T12:41:32+00:00,backfill,duplicate_keys,POR-1 2026/27 matches,ok,0,
2026-10-07T12:41:32+00:00,backfill,duplicate_keys,POR-1 2026/27 odds,ok,0,
2026-10-07T12:41:32+00:00,backfill,duplicate_keys,POR-1 2026/27 settlements,ok,0,
2026-10-07T12:41:32+00:00,backfill,duplicate_keys,POR-1 2026/27 events,ok,0,
2026-10-07T12:41:32+00:00,backfill,duplicate_keys,POR-1 2026/27 stats,ok,0,
2026-10-07T12:41:32+00:00,backfill,orphan_rows,POR-1 2026/27 odds,ok,0,rows whose match or market does not exist
2026-10-07T12:41:32+00:00,backfill,orphan_rows,POR-1 2026/27 settlements,ok,0,rows whose match or market does not exist
2026-10-07T12:41:32+00:00,backfill,orphan_rows,POR-1 2026/27 events,ok,0,rows whose match or market does not exist
2026-10-07T12:41:32+00:00,backfill,orphan_rows,POR-1 2026/27 stats,ok,0,rows whose match or market does not exist
2026-10-07T12:41:32+00:00,backfill,odds_range,POR-1 2026/27,ok,0,odds outside 1.01-1000
2026-10-07T12:41:32+00:00,backfill,market_sum,POR-1 2026/27,ok,0,0 of 182 complete markets outside 100-130 % (2-3 selections) / 100-170 % (0.0%)
2026-10-07T12:41:32+00:00,backfill,scores_present,POR-1 2026/27,ok,0,finished matches without HT or FT score: 
2026-10-07T12:41:32+00:00,backfill,events_match_score,POR-1 2026/27,ok,0,event goals != FT score: 
2026-10-07T12:41:32+00:00,backfill,coverage_odds,POR-1 2026/27,ok,1.0,5 of 5 finished matches
2026-10-07T12:41:32+00:00,backfill,coverage_events,POR-1 2026/27,ok,1.0,5 of 5 finished matches
2026-10-07T12:41:32+00:00,backfill,coverage_stats,POR-1 2026/27,ok,1.0,5 of 5 finished matches
2026-10-07T12:41:32+00:00,backfill,duplicate_keys,SCO-1 2026/27 matches,ok,0,
2026-10-07T12:41:32+00:00,backfill,duplicate_keys,SCO-1 2026/27 odds,ok,0,
2026-10-07T12:41:32+00:00,backfill,duplicate_keys,SCO-1 2026/27 settlements,ok,0,
2026-10-07T12:41:32+00:00,backfill,duplicate_keys,SCO-1 2026/27 events,ok,0,
2026-10-07T12:41:32+00:00,backfill,duplicate_keys,SCO-1 2026/27 stats,ok,0,
2026-10-07T12:41:32+00:00,backfill,orphan_rows,SCO-1 2026/27 odds,ok,0,rows whose match or market does not exist
2026-10-07T12:41:32+00:00,backfill,orphan_rows,SCO-1 2026/27 settlements,ok,0,rows whose match or market does not exist
2026-10-07T12:41:32+00:00,backfill,orphan_rows,SCO-1 2026/27 events,ok,0,rows whose match or market does not exist
2026-10-07T12:41:32+00:00,backfill,orphan_rows,SCO-1 2026/27 stats,ok,0,rows whose match or market does not exist
2026-10-07T12:41:32+00:00,backfill,odds_range,SCO-1 2026/27,ok,0,odds outside 1.01-1000
2026-10-07T12:41:32+00:00,backfill,market_sum,SCO-1 2026/27,ok,0,0 of 34 complete markets outside 100-130 % (2-3 selections) / 100-170 % (0.0%)
2026-10-07T12:41:32+00:00,backfill,scores_present,SCO-1 2026/27,ok,0,finished matches without HT or FT score: 
2026-10-07T12:41:32+00:00,backfill,events_match_score,SCO-1 2026/27,ok,0,event goals != FT score: 
2026-10-07T12:41:32+00:00,backfill,coverage_odds,SCO-1 2026/27,ok,1.0,1 of 1 finished matches
2026-10-07T12:41:32+00:00,backfill,coverage_events,SCO-1 2026/27,ok,1.0,1 of 1 finished matches
2026-10-07T12:41:32+00:00,backfill,coverage_stats,SCO-1 2026/27,ok,1.0,1 of 1 finished matches
2026-10-07T12:41:32+00:00,backfill,duplicate_keys,SUI-1 2026/27 matches,ok,0,
2026-10-07T12:41:32+00:00,backfill,duplicate_keys,SUI-1 2026/27 odds,ok,0,
2026-10-07T12:41:32+00:00,backfill,duplicate_keys,SUI-1 2026/27 settlements,ok,0,
2026-10-07T12:41:32+00:00,backfill,duplicate_keys,SUI-1 2026/27 events,ok,0,
2026-10-07T12:41:32+00:00,backfill,duplicate_keys,SUI-1 2026/27 stats,ok,0,
2026-10-07T12:41:32+00:00,backfill,orphan_rows,SUI-1 2026/27 odds,ok,0,rows whose match or market does not exist
2026-10-07T12:41:32+00:00,backfill,orphan_rows,SUI-1 2026/27 settlements,ok,0,rows whose match or market does not exist
2026-10-07T12:41:32+00:00,backfill,orphan_rows,SUI-1 2026/27 events,ok,0,rows whose match or market does not exist
2026-10-07T12:41:32+00:00,backfill,orphan_rows,SUI-1 2026/27 stats,ok,0,rows whose match or market does not exist
2026-10-07T12:41:32+00:00,backfill,odds_range,SUI-1 2026/27,ok,0,odds outside 1.01-1000
2026-10-07T12:41:32+00:00,backfill,market_sum,SUI-1 2026/27,ok,0,0 of 94 complete markets outside 100-130 % (2-3 selections) / 100-170 % (0.0%)
2026-10-07T12:41:32+00:00,backfill,scores_present,SUI-1 2026/27,ok,0,finished matches without HT or FT score: 
2026-10-07T12:41:32+00:00,backfill,events_match_score,SUI-1 2026/27,ok,0,event goals != FT score: 
2026-10-07T12:41:32+00:00,backfill,coverage_odds,SUI-1 2026/27,ok,1.0,3 of 3 finished matches
2026-10-07T12:41:32+00:00,backfill,coverage_events,SUI-1 2026/27,ok,1.0,3 of 3 finished matches
2026-10-07T12:41:32+00:00,backfill,coverage_stats,SUI-1 2026/27,ok,1.0,3 of 3 finished matches
2026-10-07T12:41:32+00:00,backfill,duplicate_keys,TUR-1 2026/27 matches,ok,0,
2026-10-07T12:41:32+00:00,backfill,duplicate_keys,TUR-1 2026/27 odds,ok,0,
2026-10-07T12:41:32+00:00,backfill,duplicate_keys,TUR-1 2026/27 settlements,ok,0,
2026-10-07T12:41:32+00:00,backfill,duplicate_keys,TUR-1 2026/27 events,ok,0,
2026-10-07T12:41:32+00:00,backfill,duplicate_keys,TUR-1 2026/27 stats,ok,0,
2026-10-07T12:41:32+00:00,backfill,orphan_rows,TUR-1 2026/27 odds,ok,0,rows whose match or market does not exist
2026-10-07T12:41:32+00:00,backfill,orphan_rows,TUR-1 2026/27 settlements,ok,0,rows whose match or market does not exist
2026-10-07T12:41:32+00:00,backfill,orphan_rows,TUR-1 2026/27 events,ok,0,rows whose match or market does not exist
2026-10-07T12:41:32+00:00,backfill,orphan_rows,TUR-1 2026/27 stats,ok,0,rows whose match or market does not exist
2026-10-07T12:41:32+00:00,backfill,odds_range,TUR-1 2026/27,ok,0,odds outside 1.01-1000
2026-10-07T12:41:32+00:00,backfill,market_sum,TUR-1 2026/27,ok,0,0 of 145 complete markets outside 100-130 % (2-3 selections) / 100-170 % (0.0%)
2026-10-07T12:41:32+00:00,backfill,scores_present,TUR-1 2026/27,ok,0,finished matches without HT or FT score: 
2026-10-07T12:41:32+00:00,backfill,events_match_score,TUR-1 2026/27,ok,0,event goals != FT score: 
2026-10-07T12:41:32+00:00,backfill,coverage_odds,TUR-1 2026/27,ok,1.0,4 of 4 finished matches
2026-10-07T12:41:32+00:00,backfill,coverage_events,TUR-1 2026/27,ok,1.0,4 of 4 finished matches
2026-10-07T12:41:32+00:00,backfill,coverage_stats,TUR-1 2026/27,ok,1.0,4 of 4 finished matches
2026-10-07T12:41:32+00:00,backfill,popup_match,this run,ok,0,matches whose popup showed another match and no fallback found ours (retried next run)
2026-10-07T14:37:02+00:00,backfill,duplicate_keys,ARG-1 2026 matches,ok,0,
2026-10-07T14:37:02+00:00,backfill,duplicate_keys,ARG-1 2026 odds,ok,0,
2026-10-07T14:37:02+00:00,backfill,duplicate_keys,ARG-1 2026 settlements,ok,0,
2026-10-07T14:37:02+00:00,backfill,duplicate_keys,ARG-1 2026 events,ok,0,
2026-10-07T14:37:02+00:00,backfill,duplicate_keys,ARG-1 2026 stats,ok,0,
2026-10-07T14:37:02+00:00,backfill,orphan_rows,ARG-1 2026 odds,ok,0,rows whose match or market does not exist
2026-10-07T14:37:02+00:00,backfill,orphan_rows,ARG-1 2026 settlements,ok,0,rows whose match or market does not exist
2026-10-07T14:37:02+00:00,backfill,orphan_rows,ARG-1 2026 events,ok,0,rows whose match or market does not exist
2026-10-07T14:37:02+00:00,backfill,orphan_rows,ARG-1 2026 stats,ok,0,rows whose match or market does not exist
2026-10-07T14:37:02+00:00,backfill,odds_range,ARG-1 2026,ok,0,odds outside 1.01-1000
2026-10-07T14:37:02+00:00,backfill,market_sum,ARG-1 2026,ok,0,0 of 430 complete markets outside 100-130 % (2-3 selections) / 100-170 % (0.0%)
2026-10-07T14:37:02+00:00,backfill,scores_present,ARG-1 2026,ok,0,finished matches without HT or FT score: 
2026-10-07T14:37:02+00:00,backfill,events_match_score,ARG-1 2026,ok,0,event goals != FT score: 
2026-10-07T14:37:02+00:00,backfill,coverage_odds,ARG-1 2026,ok,1.0,15 of 15 finished matches
2026-10-07T14:37:02+00:00,backfill,coverage_events,ARG-1 2026,ok,1.0,15 of 15 finished matches
2026-10-07T14:37:02+00:00,backfill,coverage_stats,ARG-1 2026,ok,1.0,15 of 15 finished matches
2026-10-07T14:37:02+00:00,backfill,duplicate_keys,BRA-1 2026 matches,ok,0,
2026-10-07T14:37:02+00:00,backfill,duplicate_keys,BRA-1 2026 odds,ok,0,
2026-10-07T14:37:02+00:00,backfill,duplicate_keys,BRA-1 2026 settlements,ok,0,
2026-10-07T14:37:02+00:00,backfill,duplicate_keys,BRA-1 2026 events,ok,0,
2026-10-07T14:37:02+00:00,backfill,duplicate_keys,BRA-1 2026 stats,ok,0,
2026-10-07T14:37:02+00:00,backfill,orphan_rows,BRA-1 2026 odds,ok,0,rows whose match or market does not exist
2026-10-07T14:37:02+00:00,backfill,orphan_rows,BRA-1 2026 settlements,ok,0,rows whose match or market does not exist
2026-10-07T14:37:02+00:00,backfill,orphan_rows,BRA-1 2026 events,ok,0,rows whose match or market does not exist
2026-10-07T14:37:02+00:00,backfill,orphan_rows,BRA-1 2026 stats,ok,0,rows whose match or market does not exist
2026-10-07T14:37:02+00:00,backfill,odds_range,BRA-1 2026,ok,0,odds outside 1.01-1000
2026-10-07T14:37:02+00:00,backfill,market_sum,BRA-1 2026,ok,0,0 of 360 complete markets outside 100-130 % (2-3 selections) / 100-170 % (0.0%)
2026-10-07T14:37:02+00:00,backfill,scores_present,BRA-1 2026,ok,0,finished matches without HT or FT score: 
2026-10-07T14:37:02+00:00,backfill,events_match_score,BRA-1 2026,ok,0,event goals != FT score: 
2026-10-07T14:37:02+00:00,backfill,coverage_odds,BRA-1 2026,ok,1.0,10 of 10 finished matches
2026-10-07T14:37:02+00:00,backfill,coverage_events,BRA-1 2026,ok,1.0,10 of 10 finished matches
2026-10-07T14:37:02+00:00,backfill,coverage_stats,BRA-1 2026,ok,1.0,10 of 10 finished matches
2026-10-07T14:37:02+00:00,backfill,duplicate_keys,NOR-1 2026 matches,ok,0,
2026-10-07T14:37:02+00:00,backfill,duplicate_keys,NOR-1 2026 odds,ok,0,
2026-10-07T14:37:02+00:00,backfill,duplicate_keys,NOR-1 2026 settlements,ok,0,
2026-10-07T14:37:02+00:00,backfill,duplicate_keys,NOR-1 2026 events,ok,0,
2026-10-07T14:37:02+00:00,backfill,duplicate_keys,NOR-1 2026 stats,ok,0,
2026-10-07T14:37:02+00:00,backfill,orphan_rows,NOR-1 2026 odds,ok,0,rows whose match or market does not exist
2026-10-07T14:37:02+00:00,backfill,orphan_rows,NOR-1 2026 settlements,ok,0,rows whose match or market does not exist
2026-10-07T14:37:02+00:00,backfill,orphan_rows,NOR-1 2026 events,ok,0,rows whose match or market does not exist
2026-10-07T14:37:02+00:00,backfill,orphan_rows,NOR-1 2026 stats,ok,0,rows whose match or market does not exist
2026-10-07T14:37:02+00:00,backfill,odds_range,NOR-1 2026,ok,0,odds outside 1.01-1000
2026-10-07T14:37:02+00:00,backfill,market_sum,NOR-1 2026,ok,0,0 of 268 complete markets outside 100-130 % (2-3 selections) / 100-170 % (0.0%)
2026-10-07T14:37:02+00:00,backfill,scores_present,NOR-1 2026,ok,0,finished matches without HT or FT score: 
2026-10-07T14:37:02+00:00,backfill,events_match_score,NOR-1 2026,ok,0,event goals != FT score: 
2026-10-07T14:37:02+00:00,backfill,coverage_odds,NOR-1 2026,ok,1.0,8 of 8 finished matches
2026-10-07T14:37:02+00:00,backfill,coverage_events,NOR-1 2026,ok,1.0,8 of 8 finished matches
2026-10-07T14:37:02+00:00,backfill,coverage_stats,NOR-1 2026,ok,1.0,8 of 8 finished matches
2026-10-07T14:37:02+00:00,backfill,duplicate_keys,USA-1 2026 matches,ok,0,
2026-10-07T14:37:02+00:00,backfill,duplicate_keys,USA-1 2026 odds,ok,0,
2026-10-07T14:37:02+00:00,backfill,duplicate_keys,USA-1 2026 settlements,ok,0,
2026-10-07T14:37:02+00:00,backfill,duplicate_keys,USA-1 2026 events,ok,0,
2026-10-07T14:37:02+00:00,backfill,duplicate_keys,USA-1 2026 stats,ok,0,
2026-10-07T14:37:02+00:00,backfill,orphan_rows,USA-1 2026 odds,ok,0,rows whose match or market does not exist
2026-10-07T14:37:02+00:00,backfill,orphan_rows,USA-1 2026 settlements,ok,0,rows whose match or market does not exist
2026-10-07T14:37:02+00:00,backfill,orphan_rows,USA-1 2026 events,ok,0,rows whose match or market does not exist
2026-10-07T14:37:02+00:00,backfill,orphan_rows,USA-1 2026 stats,ok,0,rows whose match or market does not exist
2026-10-07T14:37:02+00:00,backfill,odds_range,USA-1 2026,ok,0,odds outside 1.01-1000
2026-10-07T14:37:02+00:00,backfill,market_sum,USA-1 2026,ok,0,0 of 1057 complete markets outside 100-130 % (2-3 selections) / 100-170 % (0.0%)
2026-10-07T14:37:02+00:00,backfill,scores_present,USA-1 2026,ok,0,finished matches without HT or FT score: 
2026-10-07T14:37:02+00:00,backfill,events_match_score,USA-1 2026,ok,0,event goals != FT score: 
2026-10-07T14:37:02+00:00,backfill,coverage_odds,USA-1 2026,ok,1.0,32 of 32 finished matches
2026-10-07T14:37:02+00:00,backfill,coverage_events,USA-1 2026,ok,0.969,31 of 32 finished matches
2026-10-07T14:37:02+00:00,backfill,coverage_stats,USA-1 2026,ok,0.969,31 of 32 finished matches
2026-10-07T14:37:02+00:00,backfill,duplicate_keys,AUT-1 2026/27 matches,ok,0,
2026-10-07T14:37:02+00:00,backfill,duplicate_keys,AUT-1 2026/27 odds,ok,0,
2026-10-07T14:37:02+00:00,backfill,duplicate_keys,AUT-1 2026/27 settlements,ok,0,
2026-10-07T14:37:02+00:00,backfill,duplicate_keys,AUT-1 2026/27 events,ok,0,
2026-10-07T14:37:02+00:00,backfill,duplicate_keys,AUT-1 2026/27 stats,ok,0,
2026-10-07T14:37:02+00:00,backfill,orphan_rows,AUT-1 2026/27 odds,ok,0,rows whose match or market does not exist
2026-10-07T14:37:02+00:00,backfill,orphan_rows,AUT-1 2026/27 settlements,ok,0,rows whose match or market does not exist
2026-10-07T14:37:02+00:00,backfill,orphan_rows,AUT-1 2026/27 events,ok,0,rows whose match or market does not exist
2026-10-07T14:37:02+00:00,backfill,orphan_rows,AUT-1 2026/27 stats,ok,0,rows whose match or market does not exist
2026-10-07T14:37:02+00:00,backfill,odds_range,AUT-1 2026/27,ok,0,odds outside 1.01-1000
2026-10-07T14:37:02+00:00,backfill,market_sum,AUT-1 2026/27,ok,0,0 of 197 complete markets outside 100-130 % (2-3 selections) / 100-170 % (0.0%)
2026-10-07T14:37:02+00:00,backfill,scores_present,AUT-1 2026/27,ok,0,finished matches without HT or FT score: 
2026-10-07T14:37:02+00:00,backfill,events_match_score,AUT-1 2026/27,ok,0,event goals != FT score: 
2026-10-07T14:37:02+00:00,backfill,coverage_odds,AUT-1 2026/27,ok,1.0,6 of 6 finished matches
2026-10-07T14:37:02+00:00,backfill,coverage_events,AUT-1 2026/27,ok,1.0,6 of 6 finished matches
2026-10-07T14:37:02+00:00,backfill,coverage_stats,AUT-1 2026/27,ok,1.0,6 of 6 finished matches
2026-10-07T14:37:02+00:00,backfill,duplicate_keys,BEL-1 2026/27 matches,ok,0,
2026-10-07T14:37:02+00:00,backfill,duplicate_keys,BEL-1 2026/27 odds,ok,0,
2026-10-07T14:37:02+00:00,backfill,duplicate_keys,BEL-1 2026/27 settlements,ok,0,
2026-10-07T14:37:02+00:00,backfill,duplicate_keys,BEL-1 2026/27 events,ok,0,
2026-10-07T14:37:02+00:00,backfill,duplicate_keys,BEL-1 2026/27 stats,ok,0,
2026-10-07T14:37:02+00:00,backfill,orphan_rows,BEL-1 2026/27 odds,ok,0,rows whose match or market does not exist
2026-10-07T14:37:02+00:00,backfill,orphan_rows,BEL-1 2026/27 settlements,ok,0,rows whose match or market does not exist
2026-10-07T14:37:02+00:00,backfill,orphan_rows,BEL-1 2026/27 events,ok,0,rows whose match or market does not exist
2026-10-07T14:37:02+00:00,backfill,orphan_rows,BEL-1 2026/27 stats,ok,0,rows whose match or market does not exist
2026-10-07T14:37:02+00:00,backfill,odds_range,BEL-1 2026/27,ok,0,odds outside 1.01-1000
2026-10-07T14:37:02+00:00,backfill,market_sum,BEL-1 2026/27,ok,0,0 of 353 complete markets outside 100-130 % (2-3 selections) / 100-170 % (0.0%)
2026-10-07T14:37:02+00:00,backfill,scores_present,BEL-1 2026/27,ok,0,finished matches without HT or FT score: 
2026-10-07T14:37:02+00:00,backfill,events_match_score,BEL-1 2026/27,ok,0,event goals != FT score: 
2026-10-07T14:37:02+00:00,backfill,coverage_odds,BEL-1 2026/27,ok,1.0,9 of 9 finished matches
2026-10-07T14:37:02+00:00,backfill,coverage_events,BEL-1 2026/27,ok,1.0,9 of 9 finished matches
2026-10-07T14:37:02+00:00,backfill,coverage_stats,BEL-1 2026/27,ok,1.0,9 of 9 finished matches
2026-10-07T14:37:02+00:00,backfill,duplicate_keys,DEN-1 2026/27 matches,ok,0,
2026-10-07T14:37:02+00:00,backfill,duplicate_keys,DEN-1 2026/27 odds,ok,0,
2026-10-07T14:37:02+00:00,backfill,duplicate_keys,DEN-1 2026/27 settlements,ok,0,
2026-10-07T14:37:02+00:00,backfill,duplicate_keys,DEN-1 2026/27 events,ok,0,
2026-10-07T14:37:02+00:00,backfill,duplicate_keys,DEN-1 2026/27 stats,ok,0,
2026-10-07T14:37:02+00:00,backfill,orphan_rows,DEN-1 2026/27 odds,ok,0,rows whose match or market does not exist
2026-10-07T14:37:02+00:00,backfill,orphan_rows,DEN-1 2026/27 settlements,ok,0,rows whose match or market does not exist
2026-10-07T14:37:02+00:00,backfill,orphan_rows,DEN-1 2026/27 events,ok,0,rows whose match or market does not exist
2026-10-07T14:37:02+00:00,backfill,orphan_rows,DEN-1 2026/27 stats,ok,0,rows whose match or market does not exist
2026-10-07T14:37:02+00:00,backfill,odds_range,DEN-1 2026/27,ok,0,odds outside 1.01-1000
2026-10-07T14:37:02+00:00,backfill,market_sum,DEN-1 2026/27,ok,0,0 of 217 complete markets outside 100-130 % (2-3 selections) / 100-170 % (0.0%)
2026-10-07T14:37:02+00:00,backfill,scores_present,DEN-1 2026/27,ok,0,finished matches without HT or FT score: 
2026-10-07T14:37:02+00:00,backfill,events_match_score,DEN-1 2026/27,ok,0,event goals != FT score: 
2026-10-07T14:37:02+00:00,backfill,coverage_odds,DEN-1 2026/27,ok,1.0,6 of 6 finished matches
2026-10-07T14:37:02+00:00,backfill,coverage_events,DEN-1 2026/27,ok,1.0,6 of 6 finished matches
2026-10-07T14:37:02+00:00,backfill,coverage_stats,DEN-1 2026/27,ok,1.0,6 of 6 finished matches
2026-10-07T14:37:02+00:00,backfill,duplicate_keys,ENG-1 2026/27 matches,ok,0,
2026-10-07T14:37:02+00:00,backfill,duplicate_keys,ENG-1 2026/27 odds,ok,0,
2026-10-07T14:37:02+00:00,backfill,duplicate_keys,ENG-1 2026/27 settlements,ok,0,
2026-10-07T14:37:02+00:00,backfill,duplicate_keys,ENG-1 2026/27 events,ok,0,
2026-10-07T14:37:02+00:00,backfill,duplicate_keys,ENG-1 2026/27 stats,ok,0,
2026-10-07T14:37:02+00:00,backfill,orphan_rows,ENG-1 2026/27 odds,ok,0,rows whose match or market does not exist
2026-10-07T14:37:02+00:00,backfill,orphan_rows,ENG-1 2026/27 settlements,ok,0,rows whose match or market does not exist
2026-10-07T14:37:02+00:00,backfill,orphan_rows,ENG-1 2026/27 events,ok,0,rows whose match or market does not exist
2026-10-07T14:37:02+00:00,backfill,orphan_rows,ENG-1 2026/27 stats,ok,0,rows whose match or market does not exist
2026-10-07T14:37:02+00:00,backfill,odds_range,ENG-1 2026/27,ok,0,odds outside 1.01-1000
2026-10-07T14:37:02+00:00,backfill,market_sum,ENG-1 2026/27,ok,0,0 of 395 complete markets outside 100-130 % (2-3 selections) / 100-170 % (0.0%)
2026-10-07T14:37:02+00:00,backfill,scores_present,ENG-1 2026/27,ok,0,finished matches without HT or FT score: 
2026-10-07T14:37:02+00:00,backfill,events_match_score,ENG-1 2026/27,ok,0,event goals != FT score: 
2026-10-07T14:37:02+00:00,backfill,coverage_odds,ENG-1 2026/27,ok,1.0,10 of 10 finished matches
2026-10-07T14:37:02+00:00,backfill,coverage_events,ENG-1 2026/27,ok,1.0,10 of 10 finished matches
2026-10-07T14:37:02+00:00,backfill,coverage_stats,ENG-1 2026/27,ok,1.0,10 of 10 finished matches
2026-10-07T14:37:02+00:00,backfill,duplicate_keys,ENG-2 2026/27 matches,ok,0,
2026-10-07T14:37:02+00:00,backfill,duplicate_keys,ENG-2 2026/27 odds,ok,0,
2026-10-07T14:37:02+00:00,backfill,duplicate_keys,ENG-2 2026/27 settlements,ok,0,
2026-10-07T14:37:02+00:00,backfill,duplicate_keys,ENG-2 2026/27 events,ok,0,
2026-10-07T14:37:02+00:00,backfill,duplicate_keys,ENG-2 2026/27 stats,ok,0,
2026-10-07T14:37:02+00:00,backfill,orphan_rows,ENG-2 2026/27 odds,ok,0,rows whose match or market does not exist
2026-10-07T14:37:02+00:00,backfill,orphan_rows,ENG-2 2026/27 settlements,ok,0,rows whose match or market does not exist
2026-10-07T14:37:02+00:00,backfill,orphan_rows,ENG-2 2026/27 events,ok,0,rows whose match or market does not exist
2026-10-07T14:37:02+00:00,backfill,orphan_rows,ENG-2 2026/27 stats,ok,0,rows whose match or market does not exist
2026-10-07T14:37:02+00:00,backfill,odds_range,ENG-2 2026/27,ok,0,odds outside 1.01-1000
2026-10-07T14:37:02+00:00,backfill,market_sum,ENG-2 2026/27,ok,0,0 of 466 complete markets outside 100-130 % (2-3 selections) / 100-170 % (0.0%)
2026-10-07T14:37:02+00:00,backfill,scores_present,ENG-2 2026/27,ok,0,finished matches without HT or FT score: 
2026-10-07T14:37:02+00:00,backfill,events_match_score,ENG-2 2026/27,ok,0,event goals != FT score: 
2026-10-07T14:37:02+00:00,backfill,coverage_odds,ENG-2 2026/27,ok,1.0,12 of 12 finished matches
2026-10-07T14:37:02+00:00,backfill,coverage_events,ENG-2 2026/27,ok,1.0,12 of 12 finished matches
2026-10-07T14:37:02+00:00,backfill,coverage_stats,ENG-2 2026/27,ok,1.0,12 of 12 finished matches
2026-10-07T14:37:02+00:00,backfill,duplicate_keys,ESP-1 2026/27 matches,ok,0,
2026-10-07T14:37:02+00:00,backfill,duplicate_keys,ESP-1 2026/27 odds,ok,0,
2026-10-07T14:37:02+00:00,backfill,duplicate_keys,ESP-1 2026/27 settlements,ok,0,
2026-10-07T14:37:02+00:00,backfill,duplicate_keys,ESP-1 2026/27 events,ok,0,
2026-10-07T14:37:02+00:00,backfill,duplicate_keys,ESP-1 2026/27 stats,ok,0,
2026-10-07T14:37:02+00:00,backfill,orphan_rows,ESP-1 2026/27 odds,ok,0,rows whose match or market does not exist
2026-10-07T14:37:02+00:00,backfill,orphan_rows,ESP-1 2026/27 settlements,ok,0,rows whose match or market does not exist
2026-10-07T14:37:02+00:00,backfill,orphan_rows,ESP-1 2026/27 events,ok,0,rows whose match or market does not exist
2026-10-07T14:37:02+00:00,backfill,orphan_rows,ESP-1 2026/27 stats,ok,0,rows whose match or market does not exist
2026-10-07T14:37:02+00:00,backfill,odds_range,ESP-1 2026/27,ok,0,odds outside 1.01-1000
2026-10-07T14:37:02+00:00,backfill,market_sum,ESP-1 2026/27,ok,0,0 of 338 complete markets outside 100-130 % (2-3 selections) / 100-170 % (0.0%)
2026-10-07T14:37:02+00:00,backfill,scores_present,ESP-1 2026/27,ok,0,finished matches without HT or FT score: 
2026-10-07T14:37:02+00:00,backfill,events_match_score,ESP-1 2026/27,ok,0,event goals != FT score: 
2026-10-07T14:37:02+00:00,backfill,coverage_odds,ESP-1 2026/27,ok,1.0,9 of 9 finished matches
2026-10-07T14:37:02+00:00,backfill,coverage_events,ESP-1 2026/27,ok,1.0,9 of 9 finished matches
2026-10-07T14:37:02+00:00,backfill,coverage_stats,ESP-1 2026/27,ok,1.0,9 of 9 finished matches
2026-10-07T14:37:02+00:00,backfill,duplicate_keys,ESP-2 2026/27 matches,ok,0,
2026-10-07T14:37:02+00:00,backfill,duplicate_keys,ESP-2 2026/27 odds,ok,0,
2026-10-07T14:37:02+00:00,backfill,duplicate_keys,ESP-2 2026/27 settlements,ok,0,
2026-10-07T14:37:02+00:00,backfill,duplicate_keys,ESP-2 2026/27 events,ok,0,
2026-10-07T14:37:02+00:00,backfill,duplicate_keys,ESP-2 2026/27 stats,ok,0,
2026-10-07T14:37:02+00:00,backfill,orphan_rows,ESP-2 2026/27 odds,ok,0,rows whose match or market does not exist
2026-10-07T14:37:02+00:00,backfill,orphan_rows,ESP-2 2026/27 settlements,ok,0,rows whose match or market does not exist
2026-10-07T14:37:02+00:00,backfill,orphan_rows,ESP-2 2026/27 events,ok,0,rows whose match or market does not exist
2026-10-07T14:37:02+00:00,backfill,orphan_rows,ESP-2 2026/27 stats,ok,0,rows whose match or market does not exist
2026-10-07T14:37:02+00:00,backfill,odds_range,ESP-2 2026/27,ok,0,odds outside 1.01-1000
2026-10-07T14:37:02+00:00,backfill,market_sum,ESP-2 2026/27,ok,0,0 of 776 complete markets outside 100-130 % (2-3 selections) / 100-170 % (0.0%)
2026-10-07T14:37:02+00:00,backfill,scores_present,ESP-2 2026/27,ok,0,finished matches without HT or FT score: 
2026-10-07T14:37:02+00:00,backfill,events_match_score,ESP-2 2026/27,ok,0,event goals != FT score: 
2026-10-07T14:37:02+00:00,backfill,coverage_odds,ESP-2 2026/27,ok,1.0,22 of 22 finished matches
2026-10-07T14:37:02+00:00,backfill,coverage_events,ESP-2 2026/27,ok,1.0,22 of 22 finished matches
2026-10-07T14:37:02+00:00,backfill,coverage_stats,ESP-2 2026/27,ok,1.0,22 of 22 finished matches
2026-10-07T14:37:02+00:00,backfill,duplicate_keys,FRA-1 2026/27 matches,ok,0,
2026-10-07T14:37:02+00:00,backfill,duplicate_keys,FRA-1 2026/27 odds,ok,0,
2026-10-07T14:37:02+00:00,backfill,duplicate_keys,FRA-1 2026/27 settlements,ok,0,
2026-10-07T14:37:02+00:00,backfill,duplicate_keys,FRA-1 2026/27 events,ok,0,
2026-10-07T14:37:02+00:00,backfill,duplicate_keys,FRA-1 2026/27 stats,ok,0,
2026-10-07T14:37:02+00:00,backfill,orphan_rows,FRA-1 2026/27 odds,ok,0,rows whose match or market does not exist
2026-10-07T14:37:02+00:00,backfill,orphan_rows,FRA-1 2026/27 settlements,ok,0,rows whose match or market does not exist
2026-10-07T14:37:02+00:00,backfill,orphan_rows,FRA-1 2026/27 events,ok,0,rows whose match or market does not exist
2026-10-07T14:37:02+00:00,backfill,orphan_rows,FRA-1 2026/27 stats,ok,0,rows whose match or market does not exist
2026-10-07T14:37:02+00:00,backfill,odds_range,FRA-1 2026/27,ok,0,odds outside 1.01-1000
2026-10-07T14:37:02+00:00,backfill,market_sum,FRA-1 2026/27,ok,0,0 of 255 complete markets outside 100-130 % (2-3 selections) / 100-170 % (0.0%)
2026-10-07T14:37:02+00:00,backfill,scores_present,FRA-1 2026/27,ok,0,finished matches without HT or FT score: 
2026-10-07T14:37:02+00:00,backfill,events_match_score,FRA-1 2026/27,ok,0,event goals != FT score: 
2026-10-07T14:37:02+00:00,backfill,coverage_odds,FRA-1 2026/27,ok,1.0,7 of 7 finished matches
2026-10-07T14:37:02+00:00,backfill,coverage_events,FRA-1 2026/27,ok,1.0,7 of 7 finished matches
2026-10-07T14:37:02+00:00,backfill,coverage_stats,FRA-1 2026/27,ok,1.0,7 of 7 finished matches
2026-10-07T14:37:02+00:00,backfill,duplicate_keys,FRA-2 2026/27 matches,ok,0,
2026-10-07T14:37:02+00:00,backfill,duplicate_keys,FRA-2 2026/27 odds,ok,0,
2026-10-07T14:37:02+00:00,backfill,duplicate_keys,FRA-2 2026/27 settlements,ok,0,
2026-10-07T14:37:02+00:00,backfill,duplicate_keys,FRA-2 2026/27 events,ok,0,
2026-10-07T14:37:02+00:00,backfill,duplicate_keys,FRA-2 2026/27 stats,ok,0,
2026-10-07T14:37:02+00:00,backfill,orphan_rows,FRA-2 2026/27 odds,ok,0,rows whose match or market does not exist
2026-10-07T14:37:02+00:00,backfill,orphan_rows,FRA-2 2026/27 settlements,ok,0,rows whose match or market does not exist
2026-10-07T14:37:02+00:00,backfill,orphan_rows,FRA-2 2026/27 events,ok,0,rows whose match or market does not exist
2026-10-07T14:37:02+00:00,backfill,orphan_rows,FRA-2 2026/27 stats,ok,0,rows whose match or market does not exist
2026-10-07T14:37:02+00:00,backfill,odds_range,FRA-2 2026/27,ok,0,odds outside 1.01-1000
2026-10-07T14:37:02+00:00,backfill,market_sum,FRA-2 2026/27,ok,0,0 of 300 complete markets outside 100-130 % (2-3 selections) / 100-170 % (0.0%)
2026-10-07T14:37:02+00:00,backfill,scores_present,FRA-2 2026/27,ok,0,finished matches without HT or FT score: 
2026-10-07T14:37:02+00:00,backfill,events_match_score,FRA-2 2026/27,ok,0,event goals != FT score: 
2026-10-07T14:37:02+00:00,backfill,coverage_odds,FRA-2 2026/27,ok,1.0,9 of 9 finished matches
2026-10-07T14:37:02+00:00,backfill,coverage_events,FRA-2 2026/27,ok,1.0,9 of 9 finished matches
2026-10-07T14:37:02+00:00,backfill,coverage_stats,FRA-2 2026/27,ok,1.0,9 of 9 finished matches
2026-10-07T14:37:02+00:00,backfill,duplicate_keys,GER-1 2026/27 matches,ok,0,
2026-10-07T14:37:02+00:00,backfill,duplicate_keys,GER-1 2026/27 odds,ok,0,
2026-10-07T14:37:02+00:00,backfill,duplicate_keys,GER-1 2026/27 settlements,ok,0,
2026-10-07T14:37:02+00:00,backfill,duplicate_keys,GER-1 2026/27 events,ok,0,
2026-10-07T14:37:02+00:00,backfill,duplicate_keys,GER-1 2026/27 stats,ok,0,
2026-10-07T14:37:02+00:00,backfill,orphan_rows,GER-1 2026/27 odds,ok,0,rows whose match or market does not exist
2026-10-07T14:37:02+00:00,backfill,orphan_rows,GER-1 2026/27 settlements,ok,0,rows whose match or market does not exist
2026-10-07T14:37:02+00:00,backfill,orphan_rows,GER-1 2026/27 events,ok,0,rows whose match or market does not exist
2026-10-07T14:37:02+00:00,backfill,orphan_rows,GER-1 2026/27 stats,ok,0,rows whose match or market does not exist
2026-10-07T14:37:02+00:00,backfill,odds_range,GER-1 2026/27,ok,0,odds outside 1.01-1000
2026-10-07T14:37:02+00:00,backfill,market_sum,GER-1 2026/27,ok,0,0 of 281 complete markets outside 100-130 % (2-3 selections) / 100-170 % (0.0%)
2026-10-07T14:37:02+00:00,backfill,scores_present,GER-1 2026/27,ok,0,finished matches without HT or FT score: 
2026-10-07T14:37:02+00:00,backfill,events_match_score,GER-1 2026/27,ok,0,event goals != FT score: 
2026-10-07T14:37:02+00:00,backfill,coverage_odds,GER-1 2026/27,ok,1.0,8 of 8 finished matches
2026-10-07T14:37:02+00:00,backfill,coverage_events,GER-1 2026/27,ok,1.0,8 of 8 finished matches
2026-10-07T14:37:02+00:00,backfill,coverage_stats,GER-1 2026/27,ok,1.0,8 of 8 finished matches
2026-10-07T14:37:02+00:00,backfill,duplicate_keys,GER-2 2026/27 matches,ok,0,
2026-10-07T14:37:02+00:00,backfill,duplicate_keys,GER-2 2026/27 odds,ok,0,
2026-10-07T14:37:02+00:00,backfill,duplicate_keys,GER-2 2026/27 settlements,ok,0,
2026-10-07T14:37:02+00:00,backfill,duplicate_keys,GER-2 2026/27 events,ok,0,
2026-10-07T14:37:02+00:00,backfill,duplicate_keys,GER-2 2026/27 stats,ok,0,
2026-10-07T14:37:02+00:00,backfill,orphan_rows,GER-2 2026/27 odds,ok,0,rows whose match or market does not exist
2026-10-07T14:37:02+00:00,backfill,orphan_rows,GER-2 2026/27 settlements,ok,0,rows whose match or market does not exist
2026-10-07T14:37:02+00:00,backfill,orphan_rows,GER-2 2026/27 events,ok,0,rows whose match or market does not exist
2026-10-07T14:37:02+00:00,backfill,orphan_rows,GER-2 2026/27 stats,ok,0,rows whose match or market does not exist
2026-10-07T14:37:02+00:00,backfill,odds_range,GER-2 2026/27,ok,0,odds outside 1.01-1000
2026-10-07T14:37:02+00:00,backfill,market_sum,GER-2 2026/27,ok,0,0 of 339 complete markets outside 100-130 % (2-3 selections) / 100-170 % (0.0%)
2026-10-07T14:37:02+00:00,backfill,scores_present,GER-2 2026/27,ok,0,finished matches without HT or FT score: 
2026-10-07T14:37:02+00:00,backfill,events_match_score,GER-2 2026/27,ok,0,event goals != FT score: 
2026-10-07T14:37:02+00:00,backfill,coverage_odds,GER-2 2026/27,ok,1.0,9 of 9 finished matches
2026-10-07T14:37:02+00:00,backfill,coverage_events,GER-2 2026/27,ok,1.0,9 of 9 finished matches
2026-10-07T14:37:02+00:00,backfill,coverage_stats,GER-2 2026/27,ok,1.0,9 of 9 finished matches
2026-10-07T14:37:02+00:00,backfill,duplicate_keys,ITA-1 2026/27 matches,ok,0,
2026-10-07T14:37:02+00:00,backfill,duplicate_keys,ITA-1 2026/27 odds,ok,0,
2026-10-07T14:37:02+00:00,backfill,duplicate_keys,ITA-1 2026/27 settlements,ok,0,
2026-10-07T14:37:02+00:00,backfill,duplicate_keys,ITA-1 2026/27 events,ok,0,
2026-10-07T14:37:02+00:00,backfill,duplicate_keys,ITA-1 2026/27 stats,ok,0,
2026-10-07T14:37:02+00:00,backfill,orphan_rows,ITA-1 2026/27 odds,ok,0,rows whose match or market does not exist
2026-10-07T14:37:02+00:00,backfill,orphan_rows,ITA-1 2026/27 settlements,ok,0,rows whose match or market does not exist
2026-10-07T14:37:02+00:00,backfill,orphan_rows,ITA-1 2026/27 events,ok,0,rows whose match or market does not exist
2026-10-07T14:37:02+00:00,backfill,orphan_rows,ITA-1 2026/27 stats,ok,0,rows whose match or market does not exist
2026-10-07T14:37:02+00:00,backfill,odds_range,ITA-1 2026/27,ok,0,odds outside 1.01-1000
2026-10-07T14:37:02+00:00,backfill,market_sum,ITA-1 2026/27,ok,0,0 of 365 complete markets outside 100-130 % (2-3 selections) / 100-170 % (0.0%)
2026-10-07T14:37:02+00:00,backfill,scores_present,ITA-1 2026/27,ok,0,finished matches without HT or FT score: 
2026-10-07T14:37:02+00:00,backfill,events_match_score,ITA-1 2026/27,ok,0,event goals != FT score: 
2026-10-07T14:37:02+00:00,backfill,coverage_odds,ITA-1 2026/27,ok,1.0,10 of 10 finished matches
2026-10-07T14:37:02+00:00,backfill,coverage_events,ITA-1 2026/27,ok,1.0,10 of 10 finished matches
2026-10-07T14:37:02+00:00,backfill,coverage_stats,ITA-1 2026/27,ok,1.0,10 of 10 finished matches
2026-10-07T14:37:02+00:00,backfill,duplicate_keys,ITA-2 2026/27 matches,ok,0,
2026-10-07T14:37:02+00:00,backfill,duplicate_keys,ITA-2 2026/27 odds,ok,0,
2026-10-07T14:37:02+00:00,backfill,duplicate_keys,ITA-2 2026/27 settlements,ok,0,
2026-10-07T14:37:02+00:00,backfill,duplicate_keys,ITA-2 2026/27 events,ok,0,
2026-10-07T14:37:02+00:00,backfill,duplicate_keys,ITA-2 2026/27 stats,ok,0,
2026-10-07T14:37:02+00:00,backfill,orphan_rows,ITA-2 2026/27 odds,ok,0,rows whose match or market does not exist
2026-10-07T14:37:02+00:00,backfill,orphan_rows,ITA-2 2026/27 settlements,ok,0,rows whose match or market does not exist
2026-10-07T14:37:02+00:00,backfill,orphan_rows,ITA-2 2026/27 events,ok,0,rows whose match or market does not exist
2026-10-07T14:37:02+00:00,backfill,orphan_rows,ITA-2 2026/27 stats,ok,0,rows whose match or market does not exist
2026-10-07T14:37:02+00:00,backfill,odds_range,ITA-2 2026/27,ok,0,odds outside 1.01-1000
2026-10-07T14:37:02+00:00,backfill,market_sum,ITA-2 2026/27,ok,0,0 of 353 complete markets outside 100-130 % (2-3 selections) / 100-170 % (0.0%)
2026-10-07T14:37:02+00:00,backfill,scores_present,ITA-2 2026/27,ok,0,finished matches without HT or FT score: 
2026-10-07T14:37:02+00:00,backfill,events_match_score,ITA-2 2026/27,ok,0,event goals != FT score: 
2026-10-07T14:37:02+00:00,backfill,coverage_odds,ITA-2 2026/27,ok,1.0,10 of 10 finished matches
2026-10-07T14:37:02+00:00,backfill,coverage_events,ITA-2 2026/27,ok,1.0,10 of 10 finished matches
2026-10-07T14:37:02+00:00,backfill,coverage_stats,ITA-2 2026/27,ok,1.0,10 of 10 finished matches
2026-10-07T14:37:02+00:00,backfill,duplicate_keys,JPN-1 2026/27 matches,ok,0,
2026-10-07T14:37:02+00:00,backfill,duplicate_keys,JPN-1 2026/27 odds,ok,0,
2026-10-07T14:37:02+00:00,backfill,duplicate_keys,JPN-1 2026/27 settlements,ok,0,
2026-10-07T14:37:02+00:00,backfill,duplicate_keys,JPN-1 2026/27 events,ok,0,
2026-10-07T14:37:02+00:00,backfill,duplicate_keys,JPN-1 2026/27 stats,ok,0,
2026-10-07T14:37:02+00:00,backfill,orphan_rows,JPN-1 2026/27 odds,ok,0,rows whose match or market does not exist
2026-10-07T14:37:02+00:00,backfill,orphan_rows,JPN-1 2026/27 settlements,ok,0,rows whose match or market does not exist
2026-10-07T14:37:02+00:00,backfill,orphan_rows,JPN-1 2026/27 events,ok,0,rows whose match or market does not exist
2026-10-07T14:37:02+00:00,backfill,orphan_rows,JPN-1 2026/27 stats,ok,0,rows whose match or market does not exist
2026-10-07T14:37:02+00:00,backfill,odds_range,JPN-1 2026/27,ok,0,odds outside 1.01-1000
2026-10-07T14:37:02+00:00,backfill,market_sum,JPN-1 2026/27,ok,0,0 of 270 complete markets outside 100-130 % (2-3 selections) / 100-170 % (0.0%)
2026-10-07T14:37:02+00:00,backfill,scores_present,JPN-1 2026/27,ok,0,finished matches without HT or FT score: 
2026-10-07T14:37:02+00:00,backfill,events_match_score,JPN-1 2026/27,ok,0,event goals != FT score: 
2026-10-07T14:37:02+00:00,backfill,coverage_odds,JPN-1 2026/27,ok,1.0,8 of 8 finished matches
2026-10-07T14:37:02+00:00,backfill,coverage_events,JPN-1 2026/27,ok,1.0,8 of 8 finished matches
2026-10-07T14:37:02+00:00,backfill,coverage_stats,JPN-1 2026/27,ok,1.0,8 of 8 finished matches
2026-10-07T14:37:02+00:00,backfill,duplicate_keys,MEX-1 2026/27 matches,ok,0,
2026-10-07T14:37:02+00:00,backfill,duplicate_keys,MEX-1 2026/27 odds,ok,0,
2026-10-07T14:37:02+00:00,backfill,duplicate_keys,MEX-1 2026/27 settlements,ok,0,
2026-10-07T14:37:02+00:00,backfill,duplicate_keys,MEX-1 2026/27 events,ok,0,
2026-10-07T14:37:02+00:00,backfill,duplicate_keys,MEX-1 2026/27 stats,ok,0,
2026-10-07T14:37:02+00:00,backfill,orphan_rows,MEX-1 2026/27 odds,ok,0,rows whose match or market does not exist
2026-10-07T14:37:02+00:00,backfill,orphan_rows,MEX-1 2026/27 settlements,ok,0,rows whose match or market does not exist
2026-10-07T14:37:02+00:00,backfill,orphan_rows,MEX-1 2026/27 events,ok,0,rows whose match or market does not exist
2026-10-07T14:37:02+00:00,backfill,orphan_rows,MEX-1 2026/27 stats,ok,0,rows whose match or market does not exist
2026-10-07T14:37:02+00:00,backfill,odds_range,MEX-1 2026/27,ok,0,odds outside 1.01-1000
2026-10-07T14:37:02+00:00,backfill,market_sum,MEX-1 2026/27,ok,0,0 of 456 complete markets outside 100-130 % (2-3 selections) / 100-170 % (0.0%)
2026-10-07T14:37:02+00:00,backfill,scores_present,MEX-1 2026/27,ok,0,finished matches without HT or FT score: 
2026-10-07T14:37:02+00:00,backfill,events_match_score,MEX-1 2026/27,ok,0,event goals != FT score: 
2026-10-07T14:37:02+00:00,backfill,coverage_odds,MEX-1 2026/27,ok,1.0,18 of 18 finished matches
2026-10-07T14:37:02+00:00,backfill,coverage_events,MEX-1 2026/27,ok,1.0,18 of 18 finished matches
2026-10-07T14:37:02+00:00,backfill,coverage_stats,MEX-1 2026/27,ok,1.0,18 of 18 finished matches
2026-10-07T14:37:02+00:00,backfill,duplicate_keys,NED-1 2026/27 matches,ok,0,
2026-10-07T14:37:02+00:00,backfill,duplicate_keys,NED-1 2026/27 odds,ok,0,
2026-10-07T14:37:02+00:00,backfill,duplicate_keys,NED-1 2026/27 settlements,ok,0,
2026-10-07T14:37:02+00:00,backfill,duplicate_keys,NED-1 2026/27 events,ok,0,
2026-10-07T14:37:02+00:00,backfill,duplicate_keys,NED-1 2026/27 stats,ok,0,
2026-10-07T14:37:02+00:00,backfill,orphan_rows,NED-1 2026/27 odds,ok,0,rows whose match or market does not exist
2026-10-07T14:37:02+00:00,backfill,orphan_rows,NED-1 2026/27 settlements,ok,0,rows whose match or market does not exist
2026-10-07T14:37:02+00:00,backfill,orphan_rows,NED-1 2026/27 events,ok,0,rows whose match or market does not exist
2026-10-07T14:37:02+00:00,backfill,orphan_rows,NED-1 2026/27 stats,ok,0,rows whose match or market does not exist
2026-10-07T14:37:02+00:00,backfill,odds_range,NED-1 2026/27,ok,0,odds outside 1.01-1000
2026-10-07T14:37:02+00:00,backfill,market_sum,NED-1 2026/27,ok,0,0 of 344 complete markets outside 100-130 % (2-3 selections) / 100-170 % (0.0%)
2026-10-07T14:37:02+00:00,backfill,scores_present,NED-1 2026/27,ok,0,finished matches without HT or FT score: 
2026-10-07T14:37:02+00:00,backfill,events_match_score,NED-1 2026/27,ok,0,event goals != FT score: 
2026-10-07T14:37:02+00:00,backfill,coverage_odds,NED-1 2026/27,ok,1.0,9 of 9 finished matches
2026-10-07T14:37:02+00:00,backfill,coverage_events,NED-1 2026/27,ok,1.0,9 of 9 finished matches
2026-10-07T14:37:02+00:00,backfill,coverage_stats,NED-1 2026/27,ok,1.0,9 of 9 finished matches
2026-10-07T14:37:02+00:00,backfill,duplicate_keys,NED-2 2026/27 matches,ok,0,
2026-10-07T14:37:02+00:00,backfill,duplicate_keys,NED-2 2026/27 odds,ok,0,
2026-10-07T14:37:02+00:00,backfill,duplicate_keys,NED-2 2026/27 settlements,ok,0,
2026-10-07T14:37:02+00:00,backfill,duplicate_keys,NED-2 2026/27 events,ok,0,
2026-10-07T14:37:02+00:00,backfill,duplicate_keys,NED-2 2026/27 stats,ok,0,
2026-10-07T14:37:02+00:00,backfill,orphan_rows,NED-2 2026/27 odds,ok,0,rows whose match or market does not exist
2026-10-07T14:37:02+00:00,backfill,orphan_rows,NED-2 2026/27 settlements,ok,0,rows whose match or market does not exist
2026-10-07T14:37:02+00:00,backfill,orphan_rows,NED-2 2026/27 events,ok,0,rows whose match or market does not exist
2026-10-07T14:37:02+00:00,backfill,orphan_rows,NED-2 2026/27 stats,ok,0,rows whose match or market does not exist
2026-10-07T14:37:02+00:00,backfill,odds_range,NED-2 2026/27,ok,0,odds outside 1.01-1000
2026-10-07T14:37:02+00:00,backfill,market_sum,NED-2 2026/27,warn,1,1 of 509 complete markets outside 100-130 % (2-3 selections) / 100-170 % (0.2%)
2026-10-07T14:37:02+00:00,backfill,scores_present,NED-2 2026/27,ok,0,finished matches without HT or FT score: 
2026-10-07T14:37:02+00:00,backfill,events_match_score,NED-2 2026/27,ok,0,event goals != FT score: 
2026-10-07T14:37:02+00:00,backfill,coverage_odds,NED-2 2026/27,ok,1.0,16 of 16 finished matches
2026-10-07T14:37:02+00:00,backfill,coverage_events,NED-2 2026/27,ok,1.0,16 of 16 finished matches
2026-10-07T14:37:02+00:00,backfill,coverage_stats,NED-2 2026/27,ok,1.0,16 of 16 finished matches
2026-10-07T14:37:02+00:00,backfill,duplicate_keys,POR-1 2026/27 matches,ok,0,
2026-10-07T14:37:02+00:00,backfill,duplicate_keys,POR-1 2026/27 odds,ok,0,
2026-10-07T14:37:02+00:00,backfill,duplicate_keys,POR-1 2026/27 settlements,ok,0,
2026-10-07T14:37:02+00:00,backfill,duplicate_keys,POR-1 2026/27 events,ok,0,
2026-10-07T14:37:02+00:00,backfill,duplicate_keys,POR-1 2026/27 stats,ok,0,
2026-10-07T14:37:02+00:00,backfill,orphan_rows,POR-1 2026/27 odds,ok,0,rows whose match or market does not exist
2026-10-07T14:37:02+00:00,backfill,orphan_rows,POR-1 2026/27 settlements,ok,0,rows whose match or market does not exist
2026-10-07T14:37:02+00:00,backfill,orphan_rows,POR-1 2026/27 events,ok,0,rows whose match or market does not exist
2026-10-07T14:37:02+00:00,backfill,orphan_rows,POR-1 2026/27 stats,ok,0,rows whose match or market does not exist
2026-10-07T14:37:02+00:00,backfill,odds_range,POR-1 2026/27,ok,0,odds outside 1.01-1000
2026-10-07T14:37:02+00:00,backfill,market_sum,POR-1 2026/27,ok,0,0 of 324 complete markets outside 100-130 % (2-3 selections) / 100-170 % (0.0%)
2026-10-07T14:37:02+00:00,backfill,scores_present,POR-1 2026/27,ok,0,finished matches without HT or FT score: 
2026-10-07T14:37:02+00:00,backfill,events_match_score,POR-1 2026/27,ok,0,event goals != FT score: 
2026-10-07T14:37:02+00:00,backfill,coverage_odds,POR-1 2026/27,ok,1.0,9 of 9 finished matches
2026-10-07T14:37:02+00:00,backfill,coverage_events,POR-1 2026/27,ok,1.0,9 of 9 finished matches
2026-10-07T14:37:02+00:00,backfill,coverage_stats,POR-1 2026/27,ok,1.0,9 of 9 finished matches
2026-10-07T14:37:02+00:00,backfill,duplicate_keys,SCO-1 2026/27 matches,ok,0,
2026-10-07T14:37:02+00:00,backfill,duplicate_keys,SCO-1 2026/27 odds,ok,0,
2026-10-07T14:37:02+00:00,backfill,duplicate_keys,SCO-1 2026/27 settlements,ok,0,
2026-10-07T14:37:02+00:00,backfill,duplicate_keys,SCO-1 2026/27 events,ok,0,
2026-10-07T14:37:02+00:00,backfill,duplicate_keys,SCO-1 2026/27 stats,ok,0,
2026-10-07T14:37:02+00:00,backfill,orphan_rows,SCO-1 2026/27 odds,ok,0,rows whose match or market does not exist
2026-10-07T14:37:02+00:00,backfill,orphan_rows,SCO-1 2026/27 settlements,ok,0,rows whose match or market does not exist
2026-10-07T14:37:02+00:00,backfill,orphan_rows,SCO-1 2026/27 events,ok,0,rows whose match or market does not exist
2026-10-07T14:37:02+00:00,backfill,orphan_rows,SCO-1 2026/27 stats,ok,0,rows whose match or market does not exist
2026-10-07T14:37:02+00:00,backfill,odds_range,SCO-1 2026/27,ok,0,odds outside 1.01-1000
2026-10-07T14:37:02+00:00,backfill,market_sum,SCO-1 2026/27,ok,0,0 of 200 complete markets outside 100-130 % (2-3 selections) / 100-170 % (0.0%)
2026-10-07T14:37:02+00:00,backfill,scores_present,SCO-1 2026/27,ok,0,finished matches without HT or FT score: 
2026-10-07T14:37:02+00:00,backfill,events_match_score,SCO-1 2026/27,ok,0,event goals != FT score: 
2026-10-07T14:37:02+00:00,backfill,coverage_odds,SCO-1 2026/27,ok,1.0,6 of 6 finished matches
2026-10-07T14:37:02+00:00,backfill,coverage_events,SCO-1 2026/27,ok,1.0,6 of 6 finished matches
2026-10-07T14:37:02+00:00,backfill,coverage_stats,SCO-1 2026/27,ok,1.0,6 of 6 finished matches
2026-10-07T14:37:02+00:00,backfill,duplicate_keys,SUI-1 2026/27 matches,ok,0,
2026-10-07T14:37:02+00:00,backfill,duplicate_keys,SUI-1 2026/27 odds,ok,0,
2026-10-07T14:37:02+00:00,backfill,duplicate_keys,SUI-1 2026/27 settlements,ok,0,
2026-10-07T14:37:02+00:00,backfill,duplicate_keys,SUI-1 2026/27 events,ok,0,
2026-10-07T14:37:02+00:00,backfill,duplicate_keys,SUI-1 2026/27 stats,ok,0,
2026-10-07T14:37:02+00:00,backfill,orphan_rows,SUI-1 2026/27 odds,ok,0,rows whose match or market does not exist
2026-10-07T14:37:02+00:00,backfill,orphan_rows,SUI-1 2026/27 settlements,ok,0,rows whose match or market does not exist
2026-10-07T14:37:02+00:00,backfill,orphan_rows,SUI-1 2026/27 events,ok,0,rows whose match or market does not exist
2026-10-07T14:37:02+00:00,backfill,orphan_rows,SUI-1 2026/27 stats,ok,0,rows whose match or market does not exist
2026-10-07T14:37:02+00:00,backfill,odds_range,SUI-1 2026/27,ok,0,odds outside 1.01-1000
2026-10-07T14:37:02+00:00,backfill,market_sum,SUI-1 2026/27,ok,0,0 of 187 complete markets outside 100-130 % (2-3 selections) / 100-170 % (0.0%)
2026-10-07T14:37:02+00:00,backfill,scores_present,SUI-1 2026/27,ok,0,finished matches without HT or FT score: 
2026-10-07T14:37:02+00:00,backfill,events_match_score,SUI-1 2026/27,ok,0,event goals != FT score: 
2026-10-07T14:37:02+00:00,backfill,coverage_odds,SUI-1 2026/27,ok,1.0,6 of 6 finished matches
2026-10-07T14:37:02+00:00,backfill,coverage_events,SUI-1 2026/27,ok,1.0,6 of 6 finished matches
2026-10-07T14:37:02+00:00,backfill,coverage_stats,SUI-1 2026/27,ok,1.0,6 of 6 finished matches
2026-10-07T14:37:02+00:00,backfill,duplicate_keys,TUR-1 2026/27 matches,ok,0,
2026-10-07T14:37:02+00:00,backfill,duplicate_keys,TUR-1 2026/27 odds,ok,0,
2026-10-07T14:37:02+00:00,backfill,duplicate_keys,TUR-1 2026/27 settlements,ok,0,
2026-10-07T14:37:02+00:00,backfill,duplicate_keys,TUR-1 2026/27 events,ok,0,
2026-10-07T14:37:02+00:00,backfill,duplicate_keys,TUR-1 2026/27 stats,ok,0,
2026-10-07T14:37:02+00:00,backfill,orphan_rows,TUR-1 2026/27 odds,ok,0,rows whose match or market does not exist
2026-10-07T14:37:02+00:00,backfill,orphan_rows,TUR-1 2026/27 settlements,ok,0,rows whose match or market does not exist
2026-10-07T14:37:02+00:00,backfill,orphan_rows,TUR-1 2026/27 events,ok,0,rows whose match or market does not exist
2026-10-07T14:37:02+00:00,backfill,orphan_rows,TUR-1 2026/27 stats,ok,0,rows whose match or market does not exist
2026-10-07T14:37:02+00:00,backfill,odds_range,TUR-1 2026/27,ok,0,odds outside 1.01-1000
2026-10-07T14:37:02+00:00,backfill,market_sum,TUR-1 2026/27,ok,0,0 of 332 complete markets outside 100-130 % (2-3 selections) / 100-170 % (0.0%)
2026-10-07T14:37:02+00:00,backfill,scores_present,TUR-1 2026/27,ok,0,finished matches without HT or FT score: 
2026-10-07T14:37:02+00:00,backfill,events_match_score,TUR-1 2026/27,ok,0,event goals != FT score: 
2026-10-07T14:37:02+00:00,backfill,coverage_odds,TUR-1 2026/27,ok,1.0,9 of 9 finished matches
2026-10-07T14:37:02+00:00,backfill,coverage_events,TUR-1 2026/27,ok,1.0,9 of 9 finished matches
2026-10-07T14:37:02+00:00,backfill,coverage_stats,TUR-1 2026/27,ok,1.0,9 of 9 finished matches
2026-10-07T14:37:02+00:00,backfill,popup_match,this run,ok,0,matches whose popup showed another match and no fallback found ours (retried next run)
2026-10-07T16:23:44+00:00,backfill,duplicate_keys,ARG-1 2026 matches,ok,0,
2026-10-07T16:23:44+00:00,backfill,duplicate_keys,ARG-1 2026 odds,ok,0,
2026-10-07T16:23:44+00:00,backfill,duplicate_keys,ARG-1 2026 settlements,ok,0,
2026-10-07T16:23:44+00:00,backfill,duplicate_keys,ARG-1 2026 events,ok,0,
2026-10-07T16:23:44+00:00,backfill,duplicate_keys,ARG-1 2026 stats,ok,0,
2026-10-07T16:23:44+00:00,backfill,orphan_rows,ARG-1 2026 odds,ok,0,rows whose match or market does not exist
2026-10-07T16:23:44+00:00,backfill,orphan_rows,ARG-1 2026 settlements,ok,0,rows whose match or market does not exist
2026-10-07T16:23:44+00:00,backfill,orphan_rows,ARG-1 2026 events,ok,0,rows whose match or market does not exist
2026-10-07T16:23:44+00:00,backfill,orphan_rows,ARG-1 2026 stats,ok,0,rows whose match or market does not exist
2026-10-07T16:23:44+00:00,backfill,odds_range,ARG-1 2026,ok,0,odds outside 1.01-1000
2026-10-07T16:23:44+00:00,backfill,market_sum,ARG-1 2026,ok,0,0 of 430 complete markets outside 100-130 % (2-3 selections) / 100-170 % (0.0%)
2026-10-07T16:23:44+00:00,backfill,scores_present,ARG-1 2026,ok,0,finished matches without HT or FT score: 
2026-10-07T16:23:44+00:00,backfill,events_match_score,ARG-1 2026,ok,0,event goals != FT score: 
2026-10-07T16:23:44+00:00,backfill,coverage_odds,ARG-1 2026,ok,1.0,15 of 15 finished matches
2026-10-07T16:23:44+00:00,backfill,coverage_events,ARG-1 2026,ok,1.0,15 of 15 finished matches
2026-10-07T16:23:44+00:00,backfill,coverage_stats,ARG-1 2026,ok,1.0,15 of 15 finished matches
2026-10-07T16:23:44+00:00,backfill,duplicate_keys,BRA-1 2026 matches,ok,0,
2026-10-07T16:23:44+00:00,backfill,duplicate_keys,BRA-1 2026 odds,ok,0,
2026-10-07T16:23:44+00:00,backfill,duplicate_keys,BRA-1 2026 settlements,ok,0,
2026-10-07T16:23:44+00:00,backfill,duplicate_keys,BRA-1 2026 events,ok,0,
2026-10-07T16:23:44+00:00,backfill,duplicate_keys,BRA-1 2026 stats,ok,0,
2026-10-07T16:23:44+00:00,backfill,orphan_rows,BRA-1 2026 odds,ok,0,rows whose match or market does not exist
2026-10-07T16:23:44+00:00,backfill,orphan_rows,BRA-1 2026 settlements,ok,0,rows whose match or market does not exist
2026-10-07T16:23:44+00:00,backfill,orphan_rows,BRA-1 2026 events,ok,0,rows whose match or market does not exist
2026-10-07T16:23:44+00:00,backfill,orphan_rows,BRA-1 2026 stats,ok,0,rows whose match or market does not exist
2026-10-07T16:23:44+00:00,backfill,odds_range,BRA-1 2026,ok,0,odds outside 1.01-1000
2026-10-07T16:23:44+00:00,backfill,market_sum,BRA-1 2026,ok,0,0 of 379 complete markets outside 100-130 % (2-3 selections) / 100-170 % (0.0%)
2026-10-07T16:23:44+00:00,backfill,scores_present,BRA-1 2026,ok,0,finished matches without HT or FT score: 
2026-10-07T16:23:44+00:00,backfill,events_match_score,BRA-1 2026,ok,0,event goals != FT score: 
2026-10-07T16:23:44+00:00,backfill,coverage_odds,BRA-1 2026,ok,1.0,11 of 11 finished matches
2026-10-07T16:23:44+00:00,backfill,coverage_events,BRA-1 2026,ok,0.909,10 of 11 finished matches
2026-10-07T16:23:44+00:00,backfill,coverage_stats,BRA-1 2026,ok,1.0,11 of 11 finished matches
2026-10-07T16:23:44+00:00,backfill,duplicate_keys,NOR-1 2026 matches,ok,0,
2026-10-07T16:23:44+00:00,backfill,duplicate_keys,NOR-1 2026 odds,ok,0,
2026-10-07T16:23:44+00:00,backfill,duplicate_keys,NOR-1 2026 settlements,ok,0,
2026-10-07T16:23:44+00:00,backfill,duplicate_keys,NOR-1 2026 events,ok,0,
2026-10-07T16:23:44+00:00,backfill,duplicate_keys,NOR-1 2026 stats,ok,0,
2026-10-07T16:23:44+00:00,backfill,orphan_rows,NOR-1 2026 odds,ok,0,rows whose match or market does not exist
2026-10-07T16:23:44+00:00,backfill,orphan_rows,NOR-1 2026 settlements,ok,0,rows whose match or market does not exist
2026-10-07T16:23:44+00:00,backfill,orphan_rows,NOR-1 2026 events,ok,0,rows whose match or market does not exist
2026-10-07T16:23:44+00:00,backfill,orphan_rows,NOR-1 2026 stats,ok,0,rows whose match or market does not exist
2026-10-07T16:23:44+00:00,backfill,odds_range,NOR-1 2026,ok,0,odds outside 1.01-1000
2026-10-07T16:23:44+00:00,backfill,market_sum,NOR-1 2026,ok,0,0 of 267 complete markets outside 100-130 % (2-3 selections) / 100-170 % (0.0%)
2026-10-07T16:23:44+00:00,backfill,scores_present,NOR-1 2026,ok,0,finished matches without HT or FT score: 
2026-10-07T16:23:44+00:00,backfill,events_match_score,NOR-1 2026,ok,0,event goals != FT score: 
2026-10-07T16:23:44+00:00,backfill,coverage_odds,NOR-1 2026,ok,1.0,8 of 8 finished matches
2026-10-07T16:23:44+00:00,backfill,coverage_events,NOR-1 2026,ok,1.0,8 of 8 finished matches
2026-10-07T16:23:44+00:00,backfill,coverage_stats,NOR-1 2026,ok,1.0,8 of 8 finished matches
2026-10-07T16:23:44+00:00,backfill,duplicate_keys,USA-1 2026 matches,ok,0,
2026-10-07T16:23:44+00:00,backfill,duplicate_keys,USA-1 2026 odds,ok,0,
2026-10-07T16:23:44+00:00,backfill,duplicate_keys,USA-1 2026 settlements,ok,0,
2026-10-07T16:23:44+00:00,backfill,duplicate_keys,USA-1 2026 events,ok,0,
2026-10-07T16:23:44+00:00,backfill,duplicate_keys,USA-1 2026 stats,ok,0,
2026-10-07T16:23:44+00:00,backfill,orphan_rows,USA-1 2026 odds,ok,0,rows whose match or market does not exist
2026-10-07T16:23:44+00:00,backfill,orphan_rows,USA-1 2026 settlements,ok,0,rows whose match or market does not exist
2026-10-07T16:23:44+00:00,backfill,orphan_rows,USA-1 2026 events,ok,0,rows whose match or market does not exist
2026-10-07T16:23:44+00:00,backfill,orphan_rows,USA-1 2026 stats,ok,0,rows whose match or market does not exist
2026-10-07T16:23:44+00:00,backfill,odds_range,USA-1 2026,ok,0,odds outside 1.01-1000
2026-10-07T16:23:44+00:00,backfill,market_sum,USA-1 2026,ok,0,0 of 1058 complete markets outside 100-130 % (2-3 selections) / 100-170 % (0.0%)
2026-10-07T16:23:44+00:00,backfill,scores_present,USA-1 2026,ok,0,finished matches without HT or FT score: 
2026-10-07T16:23:44+00:00,backfill,events_match_score,USA-1 2026,ok,0,event goals != FT score: 
2026-10-07T16:23:44+00:00,backfill,coverage_odds,USA-1 2026,ok,1.0,32 of 32 finished matches
2026-10-07T16:23:44+00:00,backfill,coverage_events,USA-1 2026,ok,0.969,31 of 32 finished matches
2026-10-07T16:23:44+00:00,backfill,coverage_stats,USA-1 2026,ok,0.969,31 of 32 finished matches
2026-10-07T16:23:44+00:00,backfill,duplicate_keys,AUT-1 2026/27 matches,ok,0,
2026-10-07T16:23:44+00:00,backfill,duplicate_keys,AUT-1 2026/27 odds,ok,0,
2026-10-07T16:23:44+00:00,backfill,duplicate_keys,AUT-1 2026/27 settlements,ok,0,
2026-10-07T16:23:44+00:00,backfill,duplicate_keys,AUT-1 2026/27 events,ok,0,
2026-10-07T16:23:44+00:00,backfill,duplicate_keys,AUT-1 2026/27 stats,ok,0,
2026-10-07T16:23:44+00:00,backfill,orphan_rows,AUT-1 2026/27 odds,ok,0,rows whose match or market does not exist
2026-10-07T16:23:44+00:00,backfill,orphan_rows,AUT-1 2026/27 settlements,ok,0,rows whose match or market does not exist
2026-10-07T16:23:44+00:00,backfill,orphan_rows,AUT-1 2026/27 events,ok,0,rows whose match or market does not exist
2026-10-07T16:23:44+00:00,backfill,orphan_rows,AUT-1 2026/27 stats,ok,0,rows whose match or market does not exist
2026-10-07T16:23:44+00:00,backfill,odds_range,AUT-1 2026/27,ok,0,odds outside 1.01-1000
2026-10-07T16:23:44+00:00,backfill,market_sum,AUT-1 2026/27,ok,0,0 of 196 complete markets outside 100-130 % (2-3 selections) / 100-170 % (0.0%)
2026-10-07T16:23:44+00:00,backfill,scores_present,AUT-1 2026/27,ok,0,finished matches without HT or FT score: 
2026-10-07T16:23:44+00:00,backfill,events_match_score,AUT-1 2026/27,ok,0,event goals != FT score: 
2026-10-07T16:23:44+00:00,backfill,coverage_odds,AUT-1 2026/27,ok,1.0,6 of 6 finished matches
2026-10-07T16:23:44+00:00,backfill,coverage_events,AUT-1 2026/27,ok,1.0,6 of 6 finished matches
2026-10-07T16:23:44+00:00,backfill,coverage_stats,AUT-1 2026/27,ok,1.0,6 of 6 finished matches
2026-10-07T16:23:44+00:00,backfill,duplicate_keys,BEL-1 2026/27 matches,ok,0,
2026-10-07T16:23:44+00:00,backfill,duplicate_keys,BEL-1 2026/27 odds,ok,0,
2026-10-07T16:23:44+00:00,backfill,duplicate_keys,BEL-1 2026/27 settlements,ok,0,
2026-10-07T16:23:44+00:00,backfill,duplicate_keys,BEL-1 2026/27 events,ok,0,
2026-10-07T16:23:44+00:00,backfill,duplicate_keys,BEL-1 2026/27 stats,ok,0,
2026-10-07T16:23:44+00:00,backfill,orphan_rows,BEL-1 2026/27 odds,ok,0,rows whose match or market does not exist
2026-10-07T16:23:44+00:00,backfill,orphan_rows,BEL-1 2026/27 settlements,ok,0,rows whose match or market does not exist
2026-10-07T16:23:44+00:00,backfill,orphan_rows,BEL-1 2026/27 events,ok,0,rows whose match or market does not exist
2026-10-07T16:23:44+00:00,backfill,orphan_rows,BEL-1 2026/27 stats,ok,0,rows whose match or market does not exist
2026-10-07T16:23:44+00:00,backfill,odds_range,BEL-1 2026/27,ok,0,odds outside 1.01-1000
2026-10-07T16:23:44+00:00,backfill,market_sum,BEL-1 2026/27,ok,0,0 of 353 complete markets outside 100-130 % (2-3 selections) / 100-170 % (0.0%)
2026-10-07T16:23:44+00:00,backfill,scores_present,BEL-1 2026/27,ok,0,finished matches without HT or FT score: 
2026-10-07T16:23:44+00:00,backfill,events_match_score,BEL-1 2026/27,ok,0,event goals != FT score: 
2026-10-07T16:23:44+00:00,backfill,coverage_odds,BEL-1 2026/27,ok,1.0,9 of 9 finished matches
2026-10-07T16:23:44+00:00,backfill,coverage_events,BEL-1 2026/27,ok,1.0,9 of 9 finished matches
2026-10-07T16:23:44+00:00,backfill,coverage_stats,BEL-1 2026/27,ok,1.0,9 of 9 finished matches
2026-10-07T16:23:44+00:00,backfill,duplicate_keys,DEN-1 2026/27 matches,ok,0,
2026-10-07T16:23:44+00:00,backfill,duplicate_keys,DEN-1 2026/27 odds,ok,0,
2026-10-07T16:23:44+00:00,backfill,duplicate_keys,DEN-1 2026/27 settlements,ok,0,
2026-10-07T16:23:44+00:00,backfill,duplicate_keys,DEN-1 2026/27 events,ok,0,
2026-10-07T16:23:44+00:00,backfill,duplicate_keys,DEN-1 2026/27 stats,ok,0,
2026-10-07T16:23:44+00:00,backfill,orphan_rows,DEN-1 2026/27 odds,ok,0,rows whose match or market does not exist
2026-10-07T16:23:44+00:00,backfill,orphan_rows,DEN-1 2026/27 settlements,ok,0,rows whose match or market does not exist
2026-10-07T16:23:44+00:00,backfill,orphan_rows,DEN-1 2026/27 events,ok,0,rows whose match or market does not exist
2026-10-07T16:23:44+00:00,backfill,orphan_rows,DEN-1 2026/27 stats,ok,0,rows whose match or market does not exist
2026-10-07T16:23:44+00:00,backfill,odds_range,DEN-1 2026/27,ok,0,odds outside 1.01-1000
2026-10-07T16:23:44+00:00,backfill,market_sum,DEN-1 2026/27,ok,0,0 of 217 complete markets outside 100-130 % (2-3 selections) / 100-170 % (0.0%)
2026-10-07T16:23:44+00:00,backfill,scores_present,DEN-1 2026/27,ok,0,finished matches without HT or FT score: 
2026-10-07T16:23:44+00:00,backfill,events_match_score,DEN-1 2026/27,ok,0,event goals != FT score: 
2026-10-07T16:23:44+00:00,backfill,coverage_odds,DEN-1 2026/27,ok,1.0,6 of 6 finished matches
2026-10-07T16:23:44+00:00,backfill,coverage_events,DEN-1 2026/27,ok,1.0,6 of 6 finished matches
2026-10-07T16:23:44+00:00,backfill,coverage_stats,DEN-1 2026/27,ok,1.0,6 of 6 finished matches
2026-10-07T16:23:44+00:00,backfill,duplicate_keys,ENG-1 2026/27 matches,ok,0,
2026-10-07T16:23:44+00:00,backfill,duplicate_keys,ENG-1 2026/27 odds,ok,0,
2026-10-07T16:23:44+00:00,backfill,duplicate_keys,ENG-1 2026/27 settlements,ok,0,
2026-10-07T16:23:44+00:00,backfill,duplicate_keys,ENG-1 2026/27 events,ok,0,
2026-10-07T16:23:44+00:00,backfill,duplicate_keys,ENG-1 2026/27 stats,ok,0,
2026-10-07T16:23:44+00:00,backfill,orphan_rows,ENG-1 2026/27 odds,ok,0,rows whose match or market does not exist
2026-10-07T16:23:44+00:00,backfill,orphan_rows,ENG-1 2026/27 settlements,ok,0,rows whose match or market does not exist
2026-10-07T16:23:44+00:00,backfill,orphan_rows,ENG-1 2026/27 events,ok,0,rows whose match or market does not exist
2026-10-07T16:23:44+00:00,backfill,orphan_rows,ENG-1 2026/27 stats,ok,0,rows whose match or market does not exist
2026-10-07T16:23:44+00:00,backfill,odds_range,ENG-1 2026/27,ok,0,odds outside 1.01-1000
2026-10-07T16:23:44+00:00,backfill,market_sum,ENG-1 2026/27,ok,0,0 of 395 complete markets outside 100-130 % (2-3 selections) / 100-170 % (0.0%)
2026-10-07T16:23:44+00:00,backfill,scores_present,ENG-1 2026/27,ok,0,finished matches without HT or FT score: 
2026-10-07T16:23:44+00:00,backfill,events_match_score,ENG-1 2026/27,ok,0,event goals != FT score: 
2026-10-07T16:23:44+00:00,backfill,coverage_odds,ENG-1 2026/27,ok,1.0,10 of 10 finished matches
2026-10-07T16:23:44+00:00,backfill,coverage_events,ENG-1 2026/27,ok,1.0,10 of 10 finished matches
2026-10-07T16:23:44+00:00,backfill,coverage_stats,ENG-1 2026/27,ok,1.0,10 of 10 finished matches
2026-10-07T16:23:44+00:00,backfill,duplicate_keys,ENG-2 2026/27 matches,ok,0,
2026-10-07T16:23:44+00:00,backfill,duplicate_keys,ENG-2 2026/27 odds,ok,0,
2026-10-07T16:23:44+00:00,backfill,duplicate_keys,ENG-2 2026/27 settlements,ok,0,
2026-10-07T16:23:44+00:00,backfill,duplicate_keys,ENG-2 2026/27 events,ok,0,
2026-10-07T16:23:44+00:00,backfill,duplicate_keys,ENG-2 2026/27 stats,ok,0,
2026-10-07T16:23:44+00:00,backfill,orphan_rows,ENG-2 2026/27 odds,ok,0,rows whose match or market does not exist
2026-10-07T16:23:44+00:00,backfill,orphan_rows,ENG-2 2026/27 settlements,ok,0,rows whose match or market does not exist
2026-10-07T16:23:44+00:00,backfill,orphan_rows,ENG-2 2026/27 events,ok,0,rows whose match or market does not exist
2026-10-07T16:23:44+00:00,backfill,orphan_rows,ENG-2 2026/27 stats,ok,0,rows whose match or market does not exist
2026-10-07T16:23:44+00:00,backfill,odds_range,ENG-2 2026/27,ok,0,odds outside 1.01-1000
2026-10-07T16:23:44+00:00,backfill,market_sum,ENG-2 2026/27,ok,0,0 of 466 complete markets outside 100-130 % (2-3 selections) / 100-170 % (0.0%)
2026-10-07T16:23:44+00:00,backfill,scores_present,ENG-2 2026/27,ok,0,finished matches without HT or FT score: 
2026-10-07T16:23:44+00:00,backfill,events_match_score,ENG-2 2026/27,ok,0,event goals != FT score: 
2026-10-07T16:23:44+00:00,backfill,coverage_odds,ENG-2 2026/27,ok,1.0,12 of 12 finished matches
2026-10-07T16:23:44+00:00,backfill,coverage_events,ENG-2 2026/27,ok,1.0,12 of 12 finished matches
2026-10-07T16:23:44+00:00,backfill,coverage_stats,ENG-2 2026/27,ok,1.0,12 of 12 finished matches
2026-10-07T16:23:44+00:00,backfill,duplicate_keys,ESP-1 2026/27 matches,ok,0,
2026-10-07T16:23:44+00:00,backfill,duplicate_keys,ESP-1 2026/27 odds,ok,0,
2026-10-07T16:23:44+00:00,backfill,duplicate_keys,ESP-1 2026/27 settlements,ok,0,
2026-10-07T16:23:44+00:00,backfill,duplicate_keys,ESP-1 2026/27 events,ok,0,
2026-10-07T16:23:44+00:00,backfill,duplicate_keys,ESP-1 2026/27 stats,ok,0,
2026-10-07T16:23:44+00:00,backfill,orphan_rows,ESP-1 2026/27 odds,ok,0,rows whose match or market does not exist
2026-10-07T16:23:44+00:00,backfill,orphan_rows,ESP-1 2026/27 settlements,ok,0,rows whose match or market does not exist
2026-10-07T16:23:44+00:00,backfill,orphan_rows,ESP-1 2026/27 events,ok,0,rows whose match or market does not exist
2026-10-07T16:23:44+00:00,backfill,orphan_rows,ESP-1 2026/27 stats,ok,0,rows whose match or market does not exist
2026-10-07T16:23:44+00:00,backfill,odds_range,ESP-1 2026/27,ok,0,odds outside 1.01-1000
2026-10-07T16:23:44+00:00,backfill,market_sum,ESP-1 2026/27,ok,0,0 of 573 complete markets outside 100-130 % (2-3 selections) / 100-170 % (0.0%)
2026-10-07T16:23:44+00:00,backfill,scores_present,ESP-1 2026/27,ok,0,finished matches without HT or FT score: 
2026-10-07T16:23:44+00:00,backfill,events_match_score,ESP-1 2026/27,ok,0,event goals != FT score: 
2026-10-07T16:23:44+00:00,backfill,coverage_odds,ESP-1 2026/27,ok,1.0,16 of 16 finished matches
2026-10-07T16:23:44+00:00,backfill,coverage_events,ESP-1 2026/27,ok,0.562,9 of 16 finished matches
2026-10-07T16:23:44+00:00,backfill,coverage_stats,ESP-1 2026/27,ok,1.0,16 of 16 finished matches
2026-10-07T16:23:44+00:00,backfill,duplicate_keys,ESP-2 2026/27 matches,ok,0,
2026-10-07T16:23:44+00:00,backfill,duplicate_keys,ESP-2 2026/27 odds,ok,0,
2026-10-07T16:23:44+00:00,backfill,duplicate_keys,ESP-2 2026/27 settlements,ok,0,
2026-10-07T16:23:44+00:00,backfill,duplicate_keys,ESP-2 2026/27 events,ok,0,
2026-10-07T16:23:44+00:00,backfill,duplicate_keys,ESP-2 2026/27 stats,ok,0,
2026-10-07T16:23:44+00:00,backfill,orphan_rows,ESP-2 2026/27 odds,ok,0,rows whose match or market does not exist
2026-10-07T16:23:44+00:00,backfill,orphan_rows,ESP-2 2026/27 settlements,ok,0,rows whose match or market does not exist
2026-10-07T16:23:44+00:00,backfill,orphan_rows,ESP-2 2026/27 events,ok,0,rows whose match or market does not exist
2026-10-07T16:23:44+00:00,backfill,orphan_rows,ESP-2 2026/27 stats,ok,0,rows whose match or market does not exist
2026-10-07T16:23:44+00:00,backfill,odds_range,ESP-2 2026/27,ok,0,odds outside 1.01-1000
2026-10-07T16:23:44+00:00,backfill,market_sum,ESP-2 2026/27,ok,0,0 of 777 complete markets outside 100-130 % (2-3 selections) / 100-170 % (0.0%)
2026-10-07T16:23:44+00:00,backfill,scores_present,ESP-2 2026/27,ok,0,finished matches without HT or FT score: 
2026-10-07T16:23:44+00:00,backfill,events_match_score,ESP-2 2026/27,ok,0,event goals != FT score: 
2026-10-07T16:23:44+00:00,backfill,coverage_odds,ESP-2 2026/27,ok,1.0,22 of 22 finished matches
2026-10-07T16:23:44+00:00,backfill,coverage_events,ESP-2 2026/27,ok,1.0,22 of 22 finished matches
2026-10-07T16:23:44+00:00,backfill,coverage_stats,ESP-2 2026/27,ok,1.0,22 of 22 finished matches
2026-10-07T16:23:44+00:00,backfill,duplicate_keys,FRA-1 2026/27 matches,ok,0,
2026-10-07T16:23:44+00:00,backfill,duplicate_keys,FRA-1 2026/27 odds,ok,0,
2026-10-07T16:23:44+00:00,backfill,duplicate_keys,FRA-1 2026/27 settlements,ok,0,
2026-10-07T16:23:44+00:00,backfill,duplicate_keys,FRA-1 2026/27 events,ok,0,
2026-10-07T16:23:44+00:00,backfill,duplicate_keys,FRA-1 2026/27 stats,ok,0,
2026-10-07T16:23:44+00:00,backfill,orphan_rows,FRA-1 2026/27 odds,ok,0,rows whose match or market does not exist
2026-10-07T16:23:44+00:00,backfill,orphan_rows,FRA-1 2026/27 settlements,ok,0,rows whose match or market does not exist
2026-10-07T16:23:44+00:00,backfill,orphan_rows,FRA-1 2026/27 events,ok,0,rows whose match or market does not exist
2026-10-07T16:23:44+00:00,backfill,orphan_rows,FRA-1 2026/27 stats,ok,0,rows whose match or market does not exist
2026-10-07T16:23:44+00:00,backfill,odds_range,FRA-1 2026/27,ok,0,odds outside 1.01-1000
2026-10-07T16:23:44+00:00,backfill,market_sum,FRA-1 2026/27,ok,0,0 of 329 complete markets outside 100-130 % (2-3 selections) / 100-170 % (0.0%)
2026-10-07T16:23:44+00:00,backfill,scores_present,FRA-1 2026/27,ok,0,finished matches without HT or FT score: 
2026-10-07T16:23:44+00:00,backfill,events_match_score,FRA-1 2026/27,ok,0,event goals != FT score: 
2026-10-07T16:23:44+00:00,backfill,coverage_odds,FRA-1 2026/27,ok,1.0,9 of 9 finished matches
2026-10-07T16:23:44+00:00,backfill,coverage_events,FRA-1 2026/27,ok,0.778,7 of 9 finished matches
2026-10-07T16:23:44+00:00,backfill,coverage_stats,FRA-1 2026/27,ok,1.0,9 of 9 finished matches
2026-10-07T16:23:44+00:00,backfill,duplicate_keys,FRA-2 2026/27 matches,ok,0,
2026-10-07T16:23:44+00:00,backfill,duplicate_keys,FRA-2 2026/27 odds,ok,0,
2026-10-07T16:23:44+00:00,backfill,duplicate_keys,FRA-2 2026/27 settlements,ok,0,
2026-10-07T16:23:44+00:00,backfill,duplicate_keys,FRA-2 2026/27 events,ok,0,
2026-10-07T16:23:44+00:00,backfill,duplicate_keys,FRA-2 2026/27 stats,ok,0,
2026-10-07T16:23:44+00:00,backfill,orphan_rows,FRA-2 2026/27 odds,ok,0,rows whose match or market does not exist
2026-10-07T16:23:44+00:00,backfill,orphan_rows,FRA-2 2026/27 settlements,ok,0,rows whose match or market does not exist
2026-10-07T16:23:44+00:00,backfill,orphan_rows,FRA-2 2026/27 events,ok,0,rows whose match or market does not exist
2026-10-07T16:23:44+00:00,backfill,orphan_rows,FRA-2 2026/27 stats,ok,0,rows whose match or market does not exist
2026-10-07T16:23:44+00:00,backfill,odds_range,FRA-2 2026/27,ok,0,odds outside 1.01-1000
2026-10-07T16:23:44+00:00,backfill,market_sum,FRA-2 2026/27,ok,0,0 of 300 complete markets outside 100-130 % (2-3 selections) / 100-170 % (0.0%)
2026-10-07T16:23:44+00:00,backfill,scores_present,FRA-2 2026/27,ok,0,finished matches without HT or FT score: 
2026-10-07T16:23:44+00:00,backfill,events_match_score,FRA-2 2026/27,ok,0,event goals != FT score: 
2026-10-07T16:23:44+00:00,backfill,coverage_odds,FRA-2 2026/27,ok,1.0,9 of 9 finished matches
2026-10-07T16:23:44+00:00,backfill,coverage_events,FRA-2 2026/27,ok,1.0,9 of 9 finished matches
2026-10-07T16:23:44+00:00,backfill,coverage_stats,FRA-2 2026/27,ok,1.0,9 of 9 finished matches
2026-10-07T16:23:44+00:00,backfill,duplicate_keys,GER-1 2026/27 matches,ok,0,
2026-10-07T16:23:44+00:00,backfill,duplicate_keys,GER-1 2026/27 odds,ok,0,
2026-10-07T16:23:44+00:00,backfill,duplicate_keys,GER-1 2026/27 settlements,ok,0,
2026-10-07T16:23:44+00:00,backfill,duplicate_keys,GER-1 2026/27 events,ok,0,
2026-10-07T16:23:44+00:00,backfill,duplicate_keys,GER-1 2026/27 stats,ok,0,
2026-10-07T16:23:44+00:00,backfill,orphan_rows,GER-1 2026/27 odds,ok,0,rows whose match or market does not exist
2026-10-07T16:23:44+00:00,backfill,orphan_rows,GER-1 2026/27 settlements,ok,0,rows whose match or market does not exist
2026-10-07T16:23:44+00:00,backfill,orphan_rows,GER-1 2026/27 events,ok,0,rows whose match or market does not exist
2026-10-07T16:23:44+00:00,backfill,orphan_rows,GER-1 2026/27 stats,ok,0,rows whose match or market does not exist
2026-10-07T16:23:44+00:00,backfill,odds_range,GER-1 2026/27,ok,0,odds outside 1.01-1000
2026-10-07T16:23:44+00:00,backfill,market_sum,GER-1 2026/27,ok,0,0 of 321 complete markets outside 100-130 % (2-3 selections) / 100-170 % (0.0%)
2026-10-07T16:23:44+00:00,backfill,scores_present,GER-1 2026/27,ok,0,finished matches without HT or FT score: 
2026-10-07T16:23:44+00:00,backfill,events_match_score,GER-1 2026/27,ok,0,event goals != FT score: 
2026-10-07T16:23:44+00:00,backfill,coverage_odds,GER-1 2026/27,ok,1.0,9 of 9 finished matches
2026-10-07T16:23:44+00:00,backfill,coverage_events,GER-1 2026/27,ok,0.889,8 of 9 finished matches
2026-10-07T16:23:44+00:00,backfill,coverage_stats,GER-1 2026/27,ok,1.0,9 of 9 finished matches
2026-10-07T16:23:44+00:00,backfill,duplicate_keys,GER-2 2026/27 matches,ok,0,
2026-10-07T16:23:44+00:00,backfill,duplicate_keys,GER-2 2026/27 odds,ok,0,
2026-10-07T16:23:44+00:00,backfill,duplicate_keys,GER-2 2026/27 settlements,ok,0,
2026-10-07T16:23:44+00:00,backfill,duplicate_keys,GER-2 2026/27 events,ok,0,
2026-10-07T16:23:44+00:00,backfill,duplicate_keys,GER-2 2026/27 stats,ok,0,
2026-10-07T16:23:44+00:00,backfill,orphan_rows,GER-2 2026/27 odds,ok,0,rows whose match or market does not exist
2026-10-07T16:23:44+00:00,backfill,orphan_rows,GER-2 2026/27 settlements,ok,0,rows whose match or market does not exist
2026-10-07T16:23:44+00:00,backfill,orphan_rows,GER-2 2026/27 events,ok,0,rows whose match or market does not exist
2026-10-07T16:23:44+00:00,backfill,orphan_rows,GER-2 2026/27 stats,ok,0,rows whose match or market does not exist
2026-10-07T16:23:44+00:00,backfill,odds_range,GER-2 2026/27,ok,0,odds outside 1.01-1000
2026-10-07T16:23:44+00:00,backfill,market_sum,GER-2 2026/27,ok,0,0 of 338 complete markets outside 100-130 % (2-3 selections) / 100-170 % (0.0%)
2026-10-07T16:23:44+00:00,backfill,scores_present,GER-2 2026/27,ok,0,finished matches without HT or FT score: 
2026-10-07T16:23:44+00:00,backfill,events_match_score,GER-2 2026/27,ok,0,event goals != FT score: 
2026-10-07T16:23:44+00:00,backfill,coverage_odds,GER-2 2026/27,ok,1.0,9 of 9 finished matches
2026-10-07T16:23:44+00:00,backfill,coverage_events,GER-2 2026/27,ok,1.0,9 of 9 finished matches
2026-10-07T16:23:44+00:00,backfill,coverage_stats,GER-2 2026/27,ok,1.0,9 of 9 finished matches
2026-10-07T16:23:44+00:00,backfill,duplicate_keys,ITA-1 2026/27 matches,ok,0,
2026-10-07T16:23:44+00:00,backfill,duplicate_keys,ITA-1 2026/27 odds,ok,0,
2026-10-07T16:23:44+00:00,backfill,duplicate_keys,ITA-1 2026/27 settlements,ok,0,
2026-10-07T16:23:44+00:00,backfill,duplicate_keys,ITA-1 2026/27 events,ok,0,
2026-10-07T16:23:44+00:00,backfill,duplicate_keys,ITA-1 2026/27 stats,ok,0,
2026-10-07T16:23:44+00:00,backfill,orphan_rows,ITA-1 2026/27 odds,ok,0,rows whose match or market does not exist
2026-10-07T16:23:44+00:00,backfill,orphan_rows,ITA-1 2026/27 settlements,ok,0,rows whose match or market does not exist
2026-10-07T16:23:44+00:00,backfill,orphan_rows,ITA-1 2026/27 events,ok,0,rows whose match or market does not exist
2026-10-07T16:23:44+00:00,backfill,orphan_rows,ITA-1 2026/27 stats,ok,0,rows whose match or market does not exist
2026-10-07T16:23:44+00:00,backfill,odds_range,ITA-1 2026/27,ok,0,odds outside 1.01-1000
2026-10-07T16:23:44+00:00,backfill,market_sum,ITA-1 2026/27,ok,0,0 of 365 complete markets outside 100-130 % (2-3 selections) / 100-170 % (0.0%)
2026-10-07T16:23:44+00:00,backfill,scores_present,ITA-1 2026/27,ok,0,finished matches without HT or FT score: 
2026-10-07T16:23:44+00:00,backfill,events_match_score,ITA-1 2026/27,ok,0,event goals != FT score: 
2026-10-07T16:23:44+00:00,backfill,coverage_odds,ITA-1 2026/27,ok,1.0,10 of 10 finished matches
2026-10-07T16:23:44+00:00,backfill,coverage_events,ITA-1 2026/27,ok,1.0,10 of 10 finished matches
2026-10-07T16:23:44+00:00,backfill,coverage_stats,ITA-1 2026/27,ok,1.0,10 of 10 finished matches
2026-10-07T16:23:44+00:00,backfill,duplicate_keys,ITA-2 2026/27 matches,ok,0,
2026-10-07T16:23:44+00:00,backfill,duplicate_keys,ITA-2 2026/27 odds,ok,0,
2026-10-07T16:23:44+00:00,backfill,duplicate_keys,ITA-2 2026/27 settlements,ok,0,
2026-10-07T16:23:44+00:00,backfill,duplicate_keys,ITA-2 2026/27 events,ok,0,
2026-10-07T16:23:44+00:00,backfill,duplicate_keys,ITA-2 2026/27 stats,ok,0,
2026-10-07T16:23:44+00:00,backfill,orphan_rows,ITA-2 2026/27 odds,ok,0,rows whose match or market does not exist
2026-10-07T16:23:44+00:00,backfill,orphan_rows,ITA-2 2026/27 settlements,ok,0,rows whose match or market does not exist
2026-10-07T16:23:44+00:00,backfill,orphan_rows,ITA-2 2026/27 events,ok,0,rows whose match or market does not exist
2026-10-07T16:23:44+00:00,backfill,orphan_rows,ITA-2 2026/27 stats,ok,0,rows whose match or market does not exist
2026-10-07T16:23:44+00:00,backfill,odds_range,ITA-2 2026/27,ok,0,odds outside 1.01-1000
2026-10-07T16:23:44+00:00,backfill,market_sum,ITA-2 2026/27,ok,0,0 of 353 complete markets outside 100-130 % (2-3 selections) / 100-170 % (0.0%)
2026-10-07T16:23:44+00:00,backfill,scores_present,ITA-2 2026/27,ok,0,finished matches without HT or FT score: 
2026-10-07T16:23:44+00:00,backfill,events_match_score,ITA-2 2026/27,ok,0,event goals != FT score: 
2026-10-07T16:23:44+00:00,backfill,coverage_odds,ITA-2 2026/27,ok,1.0,10 of 10 finished matches
2026-10-07T16:23:44+00:00,backfill,coverage_events,ITA-2 2026/27,ok,1.0,10 of 10 finished matches
2026-10-07T16:23:44+00:00,backfill,coverage_stats,ITA-2 2026/27,ok,1.0,10 of 10 finished matches
2026-10-07T16:23:44+00:00,backfill,duplicate_keys,JPN-1 2026/27 matches,ok,0,
2026-10-07T16:23:44+00:00,backfill,duplicate_keys,JPN-1 2026/27 odds,ok,0,
2026-10-07T16:23:44+00:00,backfill,duplicate_keys,JPN-1 2026/27 settlements,ok,0,
2026-10-07T16:23:44+00:00,backfill,duplicate_keys,JPN-1 2026/27 events,ok,0,
2026-10-07T16:23:44+00:00,backfill,duplicate_keys,JPN-1 2026/27 stats,ok,0,
2026-10-07T16:23:44+00:00,backfill,orphan_rows,JPN-1 2026/27 odds,ok,0,rows whose match or market does not exist
2026-10-07T16:23:44+00:00,backfill,orphan_rows,JPN-1 2026/27 settlements,ok,0,rows whose match or market does not exist
2026-10-07T16:23:44+00:00,backfill,orphan_rows,JPN-1 2026/27 events,ok,0,rows whose match or market does not exist
2026-10-07T16:23:44+00:00,backfill,orphan_rows,JPN-1 2026/27 stats,ok,0,rows whose match or market does not exist
2026-10-07T16:23:44+00:00,backfill,odds_range,JPN-1 2026/27,ok,0,odds outside 1.01-1000
2026-10-07T16:23:44+00:00,backfill,market_sum,JPN-1 2026/27,ok,0,0 of 343 complete markets outside 100-130 % (2-3 selections) / 100-170 % (0.0%)
2026-10-07T16:23:44+00:00,backfill,scores_present,JPN-1 2026/27,ok,0,finished matches without HT or FT score: 
2026-10-07T16:23:44+00:00,backfill,events_match_score,JPN-1 2026/27,ok,0,event goals != FT score: 
2026-10-07T16:23:44+00:00,backfill,coverage_odds,JPN-1 2026/27,ok,1.0,10 of 10 finished matches
2026-10-07T16:23:44+00:00,backfill,coverage_events,JPN-1 2026/27,ok,0.8,8 of 10 finished matches
2026-10-07T16:23:44+00:00,backfill,coverage_stats,JPN-1 2026/27,ok,1.0,10 of 10 finished matches
2026-10-07T16:23:44+00:00,backfill,duplicate_keys,MEX-1 2026/27 matches,ok,0,
2026-10-07T16:23:44+00:00,backfill,duplicate_keys,MEX-1 2026/27 odds,ok,0,
2026-10-07T16:23:44+00:00,backfill,duplicate_keys,MEX-1 2026/27 settlements,ok,0,
2026-10-07T16:23:44+00:00,backfill,duplicate_keys,MEX-1 2026/27 events,ok,0,
2026-10-07T16:23:44+00:00,backfill,duplicate_keys,MEX-1 2026/27 stats,ok,0,
2026-10-07T16:23:44+00:00,backfill,orphan_rows,MEX-1 2026/27 odds,ok,0,rows whose match or market does not exist
2026-10-07T16:23:44+00:00,backfill,orphan_rows,MEX-1 2026/27 settlements,ok,0,rows whose match or market does not exist
2026-10-07T16:23:44+00:00,backfill,orphan_rows,MEX-1 2026/27 events,ok,0,rows whose match or market does not exist
2026-10-07T16:23:44+00:00,backfill,orphan_rows,MEX-1 2026/27 stats,ok,0,rows whose match or market does not exist
2026-10-07T16:23:44+00:00,backfill,odds_range,MEX-1 2026/27,ok,0,odds outside 1.01-1000
2026-10-07T16:23:44+00:00,backfill,market_sum,MEX-1 2026/27,ok,0,0 of 486 complete markets outside 100-130 % (2-3 selections) / 100-170 % (0.0%)
2026-10-07T16:23:44+00:00,backfill,scores_present,MEX-1 2026/27,ok,0,finished matches without HT or FT score: 
2026-10-07T16:23:44+00:00,backfill,events_match_score,MEX-1 2026/27,ok,0,event goals != FT score: 
2026-10-07T16:23:44+00:00,backfill,coverage_odds,MEX-1 2026/27,ok,1.0,19 of 19 finished matches
2026-10-07T16:23:44+00:00,backfill,coverage_events,MEX-1 2026/27,ok,0.947,18 of 19 finished matches
2026-10-07T16:23:44+00:00,backfill,coverage_stats,MEX-1 2026/27,ok,1.0,19 of 19 finished matches
2026-10-07T16:23:44+00:00,backfill,duplicate_keys,NED-1 2026/27 matches,ok,0,
2026-10-07T16:23:44+00:00,backfill,duplicate_keys,NED-1 2026/27 odds,ok,0,
2026-10-07T16:23:44+00:00,backfill,duplicate_keys,NED-1 2026/27 settlements,ok,0,
2026-10-07T16:23:44+00:00,backfill,duplicate_keys,NED-1 2026/27 events,ok,0,
2026-10-07T16:23:44+00:00,backfill,duplicate_keys,NED-1 2026/27 stats,ok,0,
2026-10-07T16:23:44+00:00,backfill,orphan_rows,NED-1 2026/27 odds,ok,0,rows whose match or market does not exist
2026-10-07T16:23:44+00:00,backfill,orphan_rows,NED-1 2026/27 settlements,ok,0,rows whose match or market does not exist
2026-10-07T16:23:44+00:00,backfill,orphan_rows,NED-1 2026/27 events,ok,0,rows whose match or market does not exist
2026-10-07T16:23:44+00:00,backfill,orphan_rows,NED-1 2026/27 stats,ok,0,rows whose match or market does not exist
2026-10-07T16:23:44+00:00,backfill,odds_range,NED-1 2026/27,ok,0,odds outside 1.01-1000
2026-10-07T16:23:44+00:00,backfill,market_sum,NED-1 2026/27,ok,0,0 of 344 complete markets outside 100-130 % (2-3 selections) / 100-170 % (0.0%)
2026-10-07T16:23:44+00:00,backfill,scores_present,NED-1 2026/27,ok,0,finished matches without HT or FT score: 
2026-10-07T16:23:44+00:00,backfill,events_match_score,NED-1 2026/27,ok,0,event goals != FT score: 
2026-10-07T16:23:44+00:00,backfill,coverage_odds,NED-1 2026/27,ok,1.0,9 of 9 finished matches
2026-10-07T16:23:44+00:00,backfill,coverage_events,NED-1 2026/27,ok,1.0,9 of 9 finished matches
2026-10-07T16:23:44+00:00,backfill,coverage_stats,NED-1 2026/27,ok,1.0,9 of 9 finished matches
2026-10-07T16:23:44+00:00,backfill,duplicate_keys,NED-2 2026/27 matches,ok,0,
2026-10-07T16:23:44+00:00,backfill,duplicate_keys,NED-2 2026/27 odds,ok,0,
2026-10-07T16:23:44+00:00,backfill,duplicate_keys,NED-2 2026/27 settlements,ok,0,
2026-10-07T16:23:44+00:00,backfill,duplicate_keys,NED-2 2026/27 events,ok,0,
2026-10-07T16:23:44+00:00,backfill,duplicate_keys,NED-2 2026/27 stats,ok,0,
2026-10-07T16:23:44+00:00,backfill,orphan_rows,NED-2 2026/27 odds,ok,0,rows whose match or market does not exist
2026-10-07T16:23:44+00:00,backfill,orphan_rows,NED-2 2026/27 settlements,ok,0,rows whose match or market does not exist
2026-10-07T16:23:44+00:00,backfill,orphan_rows,NED-2 2026/27 events,ok,0,rows whose match or market does not exist
2026-10-07T16:23:44+00:00,backfill,orphan_rows,NED-2 2026/27 stats,ok,0,rows whose match or market does not exist
2026-10-07T16:23:44+00:00,backfill,odds_range,NED-2 2026/27,ok,0,odds outside 1.01-1000
2026-10-07T16:23:44+00:00,backfill,market_sum,NED-2 2026/27,warn,1,1 of 574 complete markets outside 100-130 % (2-3 selections) / 100-170 % (0.2%)
2026-10-07T16:23:44+00:00,backfill,scores_present,NED-2 2026/27,ok,0,finished matches without HT or FT score: 
2026-10-07T16:23:44+00:00,backfill,events_match_score,NED-2 2026/27,ok,0,event goals != FT score: 
2026-10-07T16:23:44+00:00,backfill,coverage_odds,NED-2 2026/27,ok,1.0,18 of 18 finished matches
2026-10-07T16:23:44+00:00,backfill,coverage_events,NED-2 2026/27,ok,0.889,16 of 18 finished matches
2026-10-07T16:23:44+00:00,backfill,coverage_stats,NED-2 2026/27,ok,1.0,18 of 18 finished matches
2026-10-07T16:23:44+00:00,backfill,duplicate_keys,POR-1 2026/27 matches,ok,0,
2026-10-07T16:23:44+00:00,backfill,duplicate_keys,POR-1 2026/27 odds,ok,0,
2026-10-07T16:23:44+00:00,backfill,duplicate_keys,POR-1 2026/27 settlements,ok,0,
2026-10-07T16:23:44+00:00,backfill,duplicate_keys,POR-1 2026/27 events,ok,0,
2026-10-07T16:23:44+00:00,backfill,duplicate_keys,POR-1 2026/27 stats,ok,0,
2026-10-07T16:23:44+00:00,backfill,orphan_rows,POR-1 2026/27 odds,ok,0,rows whose match or market does not exist
2026-10-07T16:23:44+00:00,backfill,orphan_rows,POR-1 2026/27 settlements,ok,0,rows whose match or market does not exist
2026-10-07T16:23:44+00:00,backfill,orphan_rows,POR-1 2026/27 events,ok,0,rows whose match or market does not exist
2026-10-07T16:23:44+00:00,backfill,orphan_rows,POR-1 2026/27 stats,ok,0,rows whose match or market does not exist
2026-10-07T16:23:44+00:00,backfill,odds_range,POR-1 2026/27,ok,0,odds outside 1.01-1000
2026-10-07T16:23:44+00:00,backfill,market_sum,POR-1 2026/27,ok,0,0 of 324 complete markets outside 100-130 % (2-3 selections) / 100-170 % (0.0%)
2026-10-07T16:23:44+00:00,backfill,scores_present,POR-1 2026/27,ok,0,finished matches without HT or FT score: 
2026-10-07T16:23:44+00:00,backfill,events_match_score,POR-1 2026/27,ok,0,event goals != FT score: 
2026-10-07T16:23:44+00:00,backfill,coverage_odds,POR-1 2026/27,ok,1.0,9 of 9 finished matches
2026-10-07T16:23:44+00:00,backfill,coverage_events,POR-1 2026/27,ok,1.0,9 of 9 finished matches
2026-10-07T16:23:44+00:00,backfill,coverage_stats,POR-1 2026/27,ok,1.0,9 of 9 finished matches
2026-10-07T16:23:44+00:00,backfill,duplicate_keys,SCO-1 2026/27 matches,ok,0,
2026-10-07T16:23:44+00:00,backfill,duplicate_keys,SCO-1 2026/27 odds,ok,0,
2026-10-07T16:23:44+00:00,backfill,duplicate_keys,SCO-1 2026/27 settlements,ok,0,
2026-10-07T16:23:44+00:00,backfill,duplicate_keys,SCO-1 2026/27 events,ok,0,
2026-10-07T16:23:44+00:00,backfill,duplicate_keys,SCO-1 2026/27 stats,ok,0,
2026-10-07T16:23:44+00:00,backfill,orphan_rows,SCO-1 2026/27 odds,ok,0,rows whose match or market does not exist
2026-10-07T16:23:44+00:00,backfill,orphan_rows,SCO-1 2026/27 settlements,ok,0,rows whose match or market does not exist
2026-10-07T16:23:44+00:00,backfill,orphan_rows,SCO-1 2026/27 events,ok,0,rows whose match or market does not exist
2026-10-07T16:23:44+00:00,backfill,orphan_rows,SCO-1 2026/27 stats,ok,0,rows whose match or market does not exist
2026-10-07T16:23:44+00:00,backfill,odds_range,SCO-1 2026/27,ok,0,odds outside 1.01-1000
2026-10-07T16:23:44+00:00,backfill,market_sum,SCO-1 2026/27,ok,0,0 of 200 complete markets outside 100-130 % (2-3 selections) / 100-170 % (0.0%)
2026-10-07T16:23:44+00:00,backfill,scores_present,SCO-1 2026/27,ok,0,finished matches without HT or FT score: 
2026-10-07T16:23:44+00:00,backfill,events_match_score,SCO-1 2026/27,ok,0,event goals != FT score: 
2026-10-07T16:23:44+00:00,backfill,coverage_odds,SCO-1 2026/27,ok,1.0,6 of 6 finished matches
2026-10-07T16:23:44+00:00,backfill,coverage_events,SCO-1 2026/27,ok,1.0,6 of 6 finished matches
2026-10-07T16:23:44+00:00,backfill,coverage_stats,SCO-1 2026/27,ok,1.0,6 of 6 finished matches
2026-10-07T16:23:44+00:00,backfill,duplicate_keys,SUI-1 2026/27 matches,ok,0,
2026-10-07T16:23:44+00:00,backfill,duplicate_keys,SUI-1 2026/27 odds,ok,0,
2026-10-07T16:23:44+00:00,backfill,duplicate_keys,SUI-1 2026/27 settlements,ok,0,
2026-10-07T16:23:44+00:00,backfill,duplicate_keys,SUI-1 2026/27 events,ok,0,
2026-10-07T16:23:44+00:00,backfill,duplicate_keys,SUI-1 2026/27 stats,ok,0,
2026-10-07T16:23:44+00:00,backfill,orphan_rows,SUI-1 2026/27 odds,ok,0,rows whose match or market does not exist
2026-10-07T16:23:44+00:00,backfill,orphan_rows,SUI-1 2026/27 settlements,ok,0,rows whose match or market does not exist
2026-10-07T16:23:44+00:00,backfill,orphan_rows,SUI-1 2026/27 events,ok,0,rows whose match or market does not exist
2026-10-07T16:23:44+00:00,backfill,orphan_rows,SUI-1 2026/27 stats,ok,0,rows whose match or market does not exist
2026-10-07T16:23:44+00:00,backfill,odds_range,SUI-1 2026/27,ok,0,odds outside 1.01-1000
2026-10-07T16:23:44+00:00,backfill,market_sum,SUI-1 2026/27,ok,0,0 of 260 complete markets outside 100-130 % (2-3 selections) / 100-170 % (0.0%)
2026-10-07T16:23:44+00:00,backfill,scores_present,SUI-1 2026/27,ok,0,finished matches without HT or FT score: 
2026-10-07T16:23:44+00:00,backfill,events_match_score,SUI-1 2026/27,ok,0,event goals != FT score: 
2026-10-07T16:23:44+00:00,backfill,coverage_odds,SUI-1 2026/27,ok,1.0,8 of 8 finished matches
2026-10-07T16:23:44+00:00,backfill,coverage_events,SUI-1 2026/27,ok,0.75,6 of 8 finished matches
2026-10-07T16:23:44+00:00,backfill,coverage_stats,SUI-1 2026/27,ok,1.0,8 of 8 finished matches
2026-10-07T16:23:44+00:00,backfill,duplicate_keys,TUR-1 2026/27 matches,ok,0,
2026-10-07T16:23:44+00:00,backfill,duplicate_keys,TUR-1 2026/27 odds,ok,0,
2026-10-07T16:23:44+00:00,backfill,duplicate_keys,TUR-1 2026/27 settlements,ok,0,
2026-10-07T16:23:44+00:00,backfill,duplicate_keys,TUR-1 2026/27 events,ok,0,
2026-10-07T16:23:44+00:00,backfill,duplicate_keys,TUR-1 2026/27 stats,ok,0,
2026-10-07T16:23:44+00:00,backfill,orphan_rows,TUR-1 2026/27 odds,ok,0,rows whose match or market does not exist
2026-10-07T16:23:44+00:00,backfill,orphan_rows,TUR-1 2026/27 settlements,ok,0,rows whose match or market does not exist
2026-10-07T16:23:44+00:00,backfill,orphan_rows,TUR-1 2026/27 events,ok,0,rows whose match or market does not exist
2026-10-07T16:23:44+00:00,backfill,orphan_rows,TUR-1 2026/27 stats,ok,0,rows whose match or market does not exist
2026-10-07T16:23:44+00:00,backfill,odds_range,TUR-1 2026/27,ok,0,odds outside 1.01-1000
2026-10-07T16:23:44+00:00,backfill,market_sum,TUR-1 2026/27,ok,0,0 of 332 complete markets outside 100-130 % (2-3 selections) / 100-170 % (0.0%)
2026-10-07T16:23:44+00:00,backfill,scores_present,TUR-1 2026/27,ok,0,finished matches without HT or FT score: 
2026-10-07T16:23:44+00:00,backfill,events_match_score,TUR-1 2026/27,ok,0,event goals != FT score: 
2026-10-07T16:23:44+00:00,backfill,coverage_odds,TUR-1 2026/27,ok,1.0,9 of 9 finished matches
2026-10-07T16:23:44+00:00,backfill,coverage_events,TUR-1 2026/27,ok,1.0,9 of 9 finished matches
2026-10-07T16:23:44+00:00,backfill,coverage_stats,TUR-1 2026/27,ok,1.0,9 of 9 finished matches
2026-10-07T16:23:44+00:00,backfill,popup_match,this run,ok,0,matches whose popup showed another match and no fallback found ours (retried next run)
